code,name,orgIndex,lat,long,nameIL
967,Abu Juway'ad,0,,,"Abu Juway'ad, Israel"
472,Abu Ghosh,1,31.806293,35.109193,"Abu Ghosh, Israel"
473,Abu Sinan,2,32.95803,35.171969,"Abu Sinan, Israel"
935,Abu Surayhan,3,,,"Abu Surayhan, Israel"
958,Abu 'Abdun,4,31.301397,34.841655,"Abu 'Abdun, Israel"
1042,Abu 'Ammar,5,,,"Abu 'Ammar, Israel"
932,Abu 'Amra,6,31.282188,34.872739,"Abu 'Amra, Israel"
1342,Abu Qureinat,7,31.145681,34.965476,"Abu Qureinat, Israel"
968,Abu Kuraynat,8,,,"Abu Kuraynat, Israel"
966,Abu Rubay'a,9,,,"Abu Rubay'a, Israel"
961,Abu Rukayyek,10,,,"Abu Rukayyek, Israel"
1375,Abu Tulul,11,31.142612,34.913514,"Abu Tulul, Israel"
652,Ibtin,12,32.759963,35.114601,"Ibtin, Israel"
1275,Avtalyon,13,32.835781,35.350442,"Avtalyon, Israel"
679,Avi'el,14,32.531346,34.993493,"Avi'el, Israel"
1115,Avivim,15,33.089381,35.470338,"Avivim, Israel"
819,Avigedor,16,31.711901,34.740369,"Avigedor, Israel"
175,Avihayil,17,32.350708,34.871229,"Avihayil, Israel"
2052,Avital,18,32.557676,35.306412,"Avital, Israel"
1070,Avi'ezer,19,31.681996,35.018821,"Avi'ezer, Israel"
1220,Abbirim,20,33.038086,35.286044,"Abbirim, Israel"
182,Even Yehuda,21,32.2700426,34.8809634,"Even Yehuda, Israel"
1081,Even Menahem,22,33.075143,35.295219,"Even Menahem, Israel"
783,Even Sappir,23,31.7625,35.134991,"Even Sappir, Israel"
400,Even Shemu'el,24,31.576429,34.762963,"Even Shemu'el, Israel"
4011,Avne Etan,25,32.824808,35.765777,"Avne Etan, Israel"
3793,Avne Hefez,26,32.284628,35.074551,"Avne Hefez, Israel"
3786,Avenat,27,31.679039,35.436945,"Avenat, Israel"
1311,Avshalom,28,31.195397,34.3312,"Avshalom, Israel"
3759,Adora,29,31.552219,35.017634,"Adora, Israel"
113,Addirim,30,32.548941,35.271637,"Addirim, Israel"
1068,Adamit,31,33.078842,35.20951,"Adamit, Israel"
1123,Adderet,32,31.659715,34.99444,"Adderet, Israel"
446,Udim,33,32.266865,34.846995,"Udim, Israel"
4010,Odem,34,33.1933716,35.7495651,"Odem, Israel"
1046,Ohad,35,31.238436,34.431893,"Ohad, Israel"
2710,Umm al-Fahm,36,32.517127,35.148529,"Umm al-Fahm, Israel"
2024,Umm Al-Qutuf,37,32.468084,35.059149,"Umm Al-Qutuf, Israel"
1358,Umm Batin,38,31.2767437,34.8829215,"Umm Batin, Israel"
1108,Omen,39,32.564279,35.241941,"Omen, Israel"
680,Omez,40,32.369216,34.993129,"Omez, Israel"
31,Ofaqim,41,31.311337,34.622824,"Ofaqim, Israel"
1294,Or HaGanuz,42,33.005183,35.446736,"Or HaGanuz, Israel"
67,Or HaNer,43,31.556197,34.602305,"Or HaNer, Israel"
2400,Or Yehuda,44,32.029748,34.856173,"Or Yehuda, Israel"
1020,Or Aqiva,45,32.509965,34.920394,"Or Aqiva, Israel"
780,Ora,46,31.752109,35.150165,"Ora, Israel"
2012,Orot,48,31.740364,34.7356,"Orot, Israel"
4013,Ortal,49,33.086236,35.758661,"Ortal, Israel"
403,Urim,50,31.304094,34.524868,"Urim, Israel"
882,Oranim,51,32.711224,35.109579,"Oranim, Israel"
3760,Oranit,52,32.131924,34.99081,"Oranit, Israel"
278,Usha,53,32.796458,35.114584,"Usha, Israel"
565,Azor,54,32.0245041,34.8058575,"Azor, Israel"
1157,Ahawa,140,31.7776829,35.2241978,"Ahawa, Israel"
821,Ahuzzam,141,31.552682,34.770151,"Ahuzzam, Israel"
1330,Ahuzzat Baraq,142,32.643101,35.338893,"Ahuzzat Baraq, Israel"
785,Ahihud,143,32.907405,35.171715,"Ahihud, Israel"
850,Ahituv,144,32.387701,34.990826,"Ahituv, Israel"
804,Ahisamakh,145,31.931906,34.908576,"Ahisamakh, Israel"
797,Ahi'ezer,146,31.981671,34.871821,"Ahi'ezer, Israel"
965,Atrash,147,31.264619,34.948587,"Atrash, Israel"
338,Ibbim,148,31.533597,34.609697,"Ibbim, Israel"
716,Eyal,149,32.210711,34.978259,"Eyal, Israel"
77,Ayyelet HaShahar,150,33.021115,35.576732,"Ayyelet HaShahar, Israel"
294,Elon,151,33.062526,35.219162,"Elon, Israel"
1126,Elot,153,29.580548,34.963023,"Elot, Israel"
49,Ilaniyya,154,32.753908,35.408188,"Ilaniyya, Israel"
2600,Elat,155,29.557669,34.951925,"Elat, Israel"
1336,Irus,156,31.9285746,34.7766539,"Irus, Israel"
3762,Itamar,157,32.173869,35.308029,"Itamar, Israel"
37,Etan,158,31.572213,34.747909,"Etan, Israel"
886,Etanim,159,31.7789,35.095169,"Etanim, Israel"
478,Iksal,160,32.682085,35.320743,"Iksal, Israel"
1339,Al-Azy,161,31.718868,34.814254,"Al-Azy, Israel"
1316,Al-Aryan,162,32.498076,35.125094,"Al-Aryan, Israel"
4003,El-Rom,163,33.180519,35.770095,"El-Rom, Israel"
1359,Al Sayyid,164,31.281719,34.916298,"Al Sayyid, Israel"
1145,Alumma,165,31.652041,34.742872,"Alumma, Israel"
330,Alummot,166,32.706628,35.546088,"Alummot, Israel"
1182,Allon HaGalil,167,32.756874,35.220294,"Allon HaGalil, Israel"
3579,Elon More,168,32.234418,35.331201,"Elon More, Israel"
3604,Allon Shevut,169,31.654871,35.125256,"Allon Shevut, Israel"
429,Allone Abba,170,32.730945,35.172028,"Allone Abba, Israel"
4017,Allone HaBashan,171,33.044087,35.838507,"Allone HaBashan, Israel"
868,Allone Yizhaq,172,32.509997,35.0052,"Allone Yizhaq, Israel"
285,Allonim,173,32.721459,35.143399,"Allonim, Israel"
4002,Eli-Ad,174,32.806583,35.736575,"Eli-Ad, Israel"
1365,Eliav,175,31.530203,34.928414,"Eliav, Israel"
41,Elyakhin,176,32.407659,34.925028,"Elyakhin, Israel"
1248,Elifaz,177,29.796248,35.012094,"Elifaz, Israel"
730,Elifelet,178,32.947834,35.548516,"Elifelet, Israel"
682,Elyaqim,179,32.633345,35.067613,"Elyaqim, Israel"
204,Elyashiv,180,32.380196,34.909945,"Elyashiv, Israel"
841,Elishama,181,32.154778,34.930461,"Elishama, Israel"
1125,Almagor,182,32.912709,35.60231,"Almagor, Israel"
3556,Almog,183,31.790034,35.461968,"Almog, Israel"
1309,El'ad,184,32.04953,34.95075,"El'ad, Israel"
3618,El'azar,185,31.659676,35.143074,"El'azar, Israel"
3750,Alfe Menashe,186,32.170631,35.014858,"Alfe Menashe, Israel"
603,Elqosh,187,33.034294,35.326348,"Elqosh, Israel"
3560,Elqana,188,32.110566,35.032054,"Elqana, Israel"
772,Emunim,189,31.743885,34.674492,"Emunim, Israel"
1064,Amirim,190,32.937351,35.450365,"Amirim, Israel"
1253,Amnun,191,32.904989,35.571136,"Amnun, Israel"
23,Amazya,192,31.531176,34.914463,"Amazya, Israel"
4012,Ani'am,193,32.956638,35.739718,"Ani'am, Israel"
960,Asad,194,32.93445,35.268394,"Asad, Israel"
3754,Asfar,195,31.586152,35.187594,"Asfar, Israel"
529,I'billin,196,32.821799,35.19012,"I'billin, Israel"
963,A'sam,197,40.7102476,-74.2136147,"A'sam, Israel"
959,Afaynish,198,,,"Afaynish, Israel"
4301,Afiq,199,32.779428,35.702994,"Afiq, Israel"
176,Afiqim,200,32.680564,35.57773,"Afiqim, Israel"
313,Afeq,201,32.838316,35.12778,"Afeq, Israel"
3650,Efrat,202,31.653589,35.149934,"Efrat, Israel"
701,Arbel,203,32.8241667,35.4986111,"Arbel, Israel"
3598,Argaman,204,32.17334,35.522285,"Argaman, Israel"
714,Erez,205,31.55984,34.564889,"Erez, Israel"
3570,Ari'el,206,32.104637,35.174514,"Ari'el, Israel"
1324,Arsuf,207,32.212841,34.815977,"Arsuf, Israel"
71,Eshbol,208,31.445516,34.666654,"Eshbol, Israel"
1276,Eshbal,209,32.876984,35.30601,"Eshbal, Israel"
70,Ashdod,210,31.804381,34.655314,"Ashdod, Israel"
199,Ashdot Ya'aqov(Ihud),211,32.65877,35.579637,"Ashdot Ya'aqov(Ihud), Israel"
188,Ashdot Ya'aqov(Me'uhad),212,32.664808,35.582769,"Ashdot Ya'aqov(Me'uhad), Israel"
1188,Eshhar,213,32.885084,35.299622,"Eshhar, Israel"
3722,Eshkolot,214,31.391171,34.904856,"Eshkolot, Israel"
2021,Eshel HaNasi,215,31.326828,34.697497,"Eshel HaNasi, Israel"
1152,Ashalim,216,30.964245,34.699674,"Ashalim, Israel"
7100,Ashqelon,217,31.6687885,34.5742523,"Ashqelon, Israel"
1256,Asherat,218,32.971645,35.1557,"Asherat, Israel"
740,Eshta'ol,219,31.780385,35.010102,"Eshta'ol, Israel"
6000,Baqa Al-Gharbiyye,220,32.422891,35.035764,"Baqa Al-Gharbiyye, Israel"
21,Be'er Ora,221,29.710166,34.987218,"Be'er Ora, Israel"
1376,Be'er Gannim,222,31.700354,34.610934,"Be'er Gannim, Israel"
155,Be'er Toviyya,223,31.737127,34.72557,"Be'er Toviyya, Israel"
2530,Be'er Ya'aqov,224,31.943507,34.83904,"Be'er Ya'aqov, Israel"
1278,Be'er Milka,225,30.934112,34.405643,"Be'er Milka, Israel"
9000,Be'er Sheva,226,31.252973,34.791462,"Be'er Sheva, Israel"
450,Be'erot Yizhaq,227,32.042025,34.910221,"Be'erot Yizhaq, Israel"
697,Be'erotayim,228,32.321039,34.98343,"Be'erotayim, Israel"
399,Be'eri,229,31.424513,34.492567,"Be'eri, Israel"
559,Bustan HaGalil,230,32.948636,35.080688,"Bustan HaGalil, Israel"
482,Bu'eine-Nujeidat,231,32.807711,35.36527,"Bu'eine-Nujeidat, Israel"
4001,Buq'ata,232,33.2026572,35.7767723,"Buq'ata, Israel"
698,Burgeta,233,32.325972,34.963848,"Burgeta, Israel"
2043,Bahan,234,32.351831,35.018542,"Bahan, Israel"
762,Bitha,235,31.333869,34.634318,"Bitha, Israel"
234,Bizzaron,237,31.7949517,34.7293463,"Bizzaron, Israel"
998,Bir El-Maksur,238,32.777291,35.220571,"Bir El-Maksur, Israel"
1348,Bir Hadage,239,31.02316,34.709138,"Bir Hadage, Israel"
368,Biriyya,240,32.978108,35.503096,"Biriyya, Israel"
317,Bet Oren,241,32.731601,35.00632,"Bet Oren, Israel"
3574,Bet El,242,31.9416,35.222734,"Bet El, Israel"
562,Bet El'azari,243,31.844717,34.806627,"Bet El'azari, Israel"
95,Bet Alfa,244,32.516357,35.430499,"Bet Alfa, Israel"
3652,Bet Arye,245,32.040059,35.049472,"Bet Arye, Israel"
1076,Bet Berl,246,32.1997359,34.9260732,"Bet Berl, Israel"
480,Beit Jann,247,32.965655,35.381268,"Beit Jann, Israel"
619,Bet Guvrin,248,31.61288,34.895568,"Bet Guvrin, Israel"
571,Bet Gamli'el,249,31.856128,34.760947,"Bet Gamli'el, Israel"
466,Bet Dagan,250,32.0017816,34.8297087,"Bet Dagan, Israel"
723,Bet HaGaddi,251,31.422839,34.607878,"Bet HaGaddi, Israel"
373,Bet HaLewi,252,32.351596,34.930443,"Bet HaLewi, Israel"
322,Bet Hillel,253,33.208782,35.606515,"Bet Hillel, Israel"
572,Bet HaEmeq,254,32.971014,35.145305,"Bet HaEmeq, Israel"
3645,Bet HaArava,255,31.807762,35.476411,"Bet HaArava, Israel"
242,Bet HaShitta,256,32.550874,35.439351,"Bet HaShitta, Israel"
353,Bet Zeid,257,32.70221,35.131599,"Bet Zeid, Israel"
710,Bet Zayit,258,31.783058,35.161117,"Bet Zayit, Israel"
143,Bet Zera,259,32.689296,35.574062,"Bet Zera, Israel"
3575,Bet Horon,261,31.87989,35.124097,"Bet Horon, Israel"
877,Bet Herut,262,32.376223,34.873765,"Bet Herut, Israel"
2033,Bet Hilqiyya,263,31.793001,34.809698,"Bet Hilqiyya, Israel"
159,Bet Hanan,264,31.935211,34.775596,"Bet Hanan, Israel"
800,Bet Hananya,265,32.529504,34.926734,"Bet Hananya, Israel"
1050,Bet Hashmonay,266,31.890298,34.917599,"Bet Hashmonay, Israel"
288,Bet Yehoshua,267,32.262075,34.865418,"Bet Yehoshua, Israel"
265,Bet Yosef,268,32.558698,35.552773,"Bet Yosef, Israel"
200,Bet Yannay,269,32.381729,34.863507,"Bet Yannay, Israel"
326,Bet Yizhaq-Sh. Hefer,270,32.33558,34.8895,"Bet Yizhaq-Sh. Hefer, Israel"
430,Bet Lehem HaGelilit,271,32.734558,35.191271,"Bet Lehem HaGelilit, Israel"
751,Bet Me'ir,272,31.794786,35.036753,"Bet Me'ir, Israel"
784,Bet Nehemya,273,31.977142,34.953835,"Bet Nehemya, Israel"
16,Bet Nir,274,31.647627,34.873107,"Bet Nir, Israel"
672,Bet Neqofa,275,31.804392,35.126876,"Bet Neqofa, Israel"
202,Bet Oved,276,31.921287,34.774905,"Bet Oved, Israel"
301,Bet Uzzi'el,277,31.87005,34.904858,"Bet Uzzi'el, Israel"
756,Bet Ezra,278,31.736402,34.657514,"Bet Ezra, Israel"
604,Bet Arif,279,31.995352,34.935103,"Bet Arif, Israel"
212,Bet Zevi,280,32.7215394,34.9688805,"Bet Zevi, Israel"
598,Bet Qama,281,31.446566,34.762248,"Bet Qama, Israel"
365,Bet Qeshet,282,32.718446,35.394952,"Bet Qeshet, Israel"
848,Bet Rabban,283,31.817497,34.7289,"Bet Rabban, Israel"
1162,Bet Rimmon,284,32.781845,35.327738,"Bet Rimmon, Israel"
9200,Bet She'an,285,32.497103,35.497336,"Bet She'an, Israel"
2610,Bet Shemesh,286,31.747041,34.988099,"Bet Shemesh, Israel"
248,Bet She'arim,287,32.703757,35.129933,"Bet She'arim, Israel"
747,Bet Shiqma,288,31.637735,34.610074,"Bet Shiqma, Israel"
252,Bitan Aharon,289,32.364928,34.86956,"Bitan Aharon, Israel"
3780,Betar Illit,290,31.7010023,35.1119254,"Betar Illit, Israel"
94,Balfurya,291,32.629988,35.296281,"Balfurya, Israel"
760,Ben Zakkay,292,31.857223,34.727432,"Ben Zakkay, Israel"
712,Ben Ammi,293,33.005369,35.122218,"Ben Ammi, Israel"
1084,Ben Shemen(K.No'ar),294,31.959019,34.927831,"Ben Shemen(K.No'ar), Israel"
2013,Ben Shemen (Moshav),295,31.958896,34.934104,"Ben Shemen (Moshav), Israel"
6100,Bene Beraq,296,32.084932,34.835226,"Bene Beraq, Israel"
1368,Bne Dkalim,297,31.517188,34.917033,"Bne Dkalim, Israel"
592,Bene Darom,298,31.82087,34.691609,"Bene Darom, Israel"
386,Bene Deror,299,32.261795,34.901791,"Bene Deror, Israel"
4015,Bene Yehuda,300,32.798262,35.69107,"Bene Yehuda, Israel"
1363,Bne Netsarim,301,31.143513,34.316403,"Bne Netsarim, Israel"
448,Bene Atarot,302,32.02147,34.910146,"Bene Atarot, Israel"
1066,Bene Ayish,303,31.790235,34.759291,"Bene Ayish, Israel"
418,Bene Ziyyon,304,32.219514,34.868538,"Bene Ziyyon, Israel"
588,Bene Re'em,305,31.769972,34.790463,"Bene Re'em, Israel"
685,Benaya,306,31.843444,34.751793,"Benaya, Israel"
9800,Binyamina-Giv'at Ada,307,32.517078,34.955096,"Binyamina-Giv'at Ada, Israel"
1326,Basma,308,32.529401,35.103199,"Basma, Israel"
944,Basmat Tab'un,309,32.736287,35.1532,"Basmat Tab'un, Israel"
483,Bi'ne,310,32.929538,35.271917,"Bi'ne, Israel"
389,Bazra,311,32.214541,34.878123,"Bazra, Israel"
589,Bezet,312,33.070047,35.132636,"Bezet, Israel"
864,Beqoa,313,31.827899,34.924732,"Beqoa, Israel"
3612,Beqa'ot,314,32.24207,35.452636,"Beqa'ot, Israel"
823,Bar Giyyora,318,31.729683,35.073414,"Bar Giyyora, Israel"
1191,Bar Yohay,319,32.997704,35.44819,"Bar Yohay, Israel"
3744,Brukhin,320,32.082231,35.094113,"Brukhin, Israel"
428,Beror Hayil,321,31.556985,34.646547,"Beror Hayil, Israel"
2060,Berosh,322,31.370721,34.634978,"Berosh, Israel"
3710,Berakha,323,32.049357,34.758355,"Berakha, Israel"
746,Berekhya,324,31.668047,34.624296,"Berekhya, Israel"
667,Bar'am,325,33.058979,35.433235,"Bar'am, Israel"
141,Baraq,326,30.400899,35.113896,"Baraq, Israel"
617,Barqay,327,32.476096,35.031044,"Barqay, Israel"
3654,Barqan,328,32.109487,35.106008,"Barqan, Israel"
2038,Bareqet,329,32.018344,34.943179,"Bareqet, Israel"
1323,Bat Hadar,330,31.648125,34.597146,"Bat Hadar, Israel"
1361,Bat Hen,331,32.360194,34.872388,"Bat Hen, Israel"
1319,Bat Hefer,332,32.333714,35.013729,"Bat Hefer, Israel"
6200,Bat Yam,333,32.013186,34.748019,"Bat Yam, Israel"
3794,Bat Ayin,334,31.657653,35.101101,"Bat Ayin, Israel"
33,Bat Shelomo,335,32.600335,35.003837,"Bat Shelomo, Israel"
1292,Judeide-Maker,337,32.928656,35.150573,"Judeide-Maker, Israel"
485,Julis,338,32.94498,35.184243,"Julis, Israel"
627,Jaljulye,339,32.1524568,34.9539749,"Jaljulye, Israel"
976,Janabib,340,31.287156,35.108132,"Janabib, Israel"
541,Jisr Az-Zarqa,341,32.536262,34.911569,"Jisr Az-Zarqa, Israel"
487,Jish(Gush Halav),342,33.021266,35.447949,"Jish(Gush Halav), Israel"
628,Jatt,343,32.39693,35.035914,"Jatt, Israel"
872,Ge'ule Teman,344,32.391837,34.900989,"Ge'ule Teman, Israel"
379,Ge'ulim,345,32.296487,34.943862,"Ge'ulim, Israel"
853,Ge'alya,347,31.885644,34.765351,"Ge'alya, Israel"
352,Gevulot,348,31.211168,34.466199,"Gevulot, Israel"
424,Gevim,349,31.506273,34.598949,"Gevim, Israel"
86,Geva,350,32.56653,35.37216,"Geva, Israel"
3763,Geva Binyamin,351,31.849999,35.273853,"Geva Binyamin, Israel"
683,Geva Karmel,352,32.662163,34.954078,"Geva Karmel, Israel"
2014,Giv'olim,353,31.397604,34.593821,"Giv'olim, Israel"
3644,Giv'on HaHadasha,354,31.848896,35.159029,"Giv'on HaHadasha, Israel"
1344,Geva'ot Bar,355,31.357209,34.755541,"Geva'ot Bar, Israel"
1293,Giv'at Avni,356,32.775382,35.436154,"Giv'at Avni, Israel"
1288,Giv'at Ela,357,32.722007,35.244822,"Giv'at Ela, Israel"
147,Giv'at Brenner,358,31.86661,34.802254,"Giv'at Brenner, Israel"
870,Giv'at HaShelosha,359,32.09634,34.920628,"Giv'at HaShelosha, Israel"
3730,Giv'at Ze'ev,360,31.861189,35.167252,"Giv'at Ze'ev, Israel"
207,Giv'at Hen,361,32.16758,34.875514,"Giv'at Hen, Israel"
2018,Giv'at Hayyim (Ihud),363,32.396745,34.932978,"Giv'at Hayyim (Ihud), Israel"
173,Giv'at Hayyim(Me'uhad),364,32.392148,34.929447,"Giv'at Hayyim(Me'uhad), Israel"
4021,Giv'at Yo'av,365,32.801217,35.680911,"Giv'at Yo'av, Israel"
787,Giv'at Ye'arim,366,31.786089,35.09277,"Giv'at Ye'arim, Israel"
919,Giv'at Yesha'yahu,367,31.67168,34.943738,"Giv'at Yesha'yahu, Israel"
802,Giv'at Koah,368,32.032091,34.938796,"Giv'at Koah, Israel"
360,Giv'at Nili,369,32.549043,35.041194,"Giv'at Nili, Israel"
703,Giv'at Oz,370,32.555934,35.198004,"Giv'at Oz, Israel"
681,Giv'at Shemu'el,371,32.077299,34.849206,"Giv'at Shemu'el, Israel"
566,Giv'at Shemesh,372,31.774189,34.95055,"Giv'at Shemesh, Israel"
1077,Giv'at Shappira,373,32.35763,34.875845,"Giv'at Shappira, Israel"
793,Giv'ati,374,31.733138,34.679478,"Giv'ati, Israel"
6300,Giv'atayim,375,32.072176,34.808871,"Giv'atayim, Israel"
342,Gevar'am,376,33.058979,35.433235,"Gevar'am, Israel"
133,Gevat,377,32.67656,35.213151,"Gevat, Israel"
35,Gadot,378,33.018208,35.619547,"Gadot, Israel"
145,Gadish,379,32.558844,35.24443,"Gadish, Israel"
442,Gid'ona,380,32.549927,35.359202,"Gid'ona, Israel"
2550,Gedera,381,31.8123014,34.7770192,"Gedera, Israel"
852,Gonen,385,33.1240353,35.6461519,"Gonen, Israel"
755,Goren,386,33.055566,35.233619,"Goren, Israel"
1219,Gornot HaGalil,387,33.059286,35.24967,"Gornot HaGalil, Israel"
457,Gazit,388,32.639307,35.446239,"Gazit, Israel"
370,Gezer,389,31.876349,34.92111,"Gezer, Israel"
706,Ge'a,390,31.628467,34.602678,"Ge'a, Israel"
196,Gibbeton,391,31.888318,34.79906,"Gibbeton, Israel"
1043,Gizo,392,31.805585,34.939653,"Gizo, Israel"
1204,Gilon,393,32.904338,35.232191,"Gilon, Israel"
736,Gilat,394,31.326321,34.648934,"Gilat, Israel"
262,Ginnosar,395,32.848666,35.523152,"Ginnosar, Israel"
92,Ginnegar,396,32.663419,35.259861,"Ginnegar, Israel"
863,Ginnaton,397,31.962801,34.913062,"Ginnaton, Israel"
1206,Gitta,398,32.967233,35.249125,"Gitta, Israel"
3613,Gittit,399,32.100273,35.395443,"Gittit, Israel"
393,Gal'on,400,31.633371,34.848898,"Gal'on, Israel"
3606,Gilgal,401,32.0747282,34.7672321,"Gilgal, Israel"
346,Gelil Yam,402,32.158797,34.831876,"Gelil Yam, Israel"
369,Gal'ed (Even Yizhaq),411,32.558075,35.076559,"Gal'ed (Even Yizhaq), Israel"
745,Gimzo,413,31.927217,34.941128,"Gimzo, Israel"
1072,Gan HaDarom,414,31.804056,34.69987,"Gan HaDarom, Israel"
225,Gan HaShomeron,415,32.465007,34.999047,"Gan HaShomeron, Israel"
239,Gan Hayyim,416,32.195761,34.906957,"Gan Hayyim, Israel"
734,Gan Yoshiyya,417,32.349487,34.996245,"Gan Yoshiyya, Israel"
166,Gan Yavne,418,31.783056,34.703101,"Gan Yavne, Israel"
1274,Gan Ner,419,32.528706,35.336254,"Gan Ner, Israel"
311,Gan Soreq,420,31.944011,34.758322,"Gan Soreq, Israel"
144,Gan Shelomo,421,31.878777,34.798901,"Gan Shelomo, Israel"
72,Gan Shemu'el,422,32.452911,34.949311,"Gan Shemu'el, Israel"
836,Gannot,423,32.018204,34.825877,"Gannot, Israel"
549,Gannot Hadar,424,32.32174,34.900715,"Gannot Hadar, Israel"
1103,Ganne Hadar,425,31.8782413,34.857588,"Ganne Hadar, Israel"
1371,Ganne Tal,426,31.793796,34.792327,"Ganne Tal, Israel"
862,Ganne Yohanan,427,31.859924,34.840827,"Ganne Yohanan, Israel"
3823,Ganne Modi'in,428,31.93081,35.017805,"Ganne Modi'in, Israel"
218,Ganne Am,429,32.149838,34.903358,"Ganne Am, Israel"
229,Ganne Tiqwa,430,32.060497,34.873121,"Ganne Tiqwa, Israel"
842,Ga'ash,431,32.228477,34.824411,"Ga'ash, Israel"
463,Ga'ton,432,33.006075,35.213831,"Ga'ton, Israel"
39,Gefen,433,31.740766,34.878563,"Gefen, Israel"
1129,Gerofit,434,29.941617,35.064691,"Gerofit, Israel"
4022,Geshur,435,32.819941,35.715708,"Geshur, Israel"
305,Gesher,436,32.621205,35.550376,"Gesher, Israel"
574,Gesher HaZiw,437,33.040532,35.110563,"Gesher HaZiw, Israel"
340,Gat(Qibbuz),438,31.627796,34.794112,"Gat(Qibbuz), Israel"
128,Gat Rimmon,439,32.068105,34.881362,"Gat Rimmon, Israel"
494,Daliyat Al-Karmel,440,32.693796,35.055447,"Daliyat Al-Karmel, Israel"
146,Devora,441,32.552895,35.263853,"Devora, Israel"
489,Daburiyya,442,32.69412,35.368513,"Daburiyya, Israel"
849,Devira,443,31.411699,34.825177,"Devira, Israel"
407,Daverat,444,32.646729,35.350085,"Daverat, Israel"
62,Deganya Alef,445,32.706938,35.575062,"Deganya Alef, Israel"
79,Deganya Bet,446,32.69907,35.577551,"Deganya Bet, Israel"
1067,Dovev,447,33.0508,35.407747,"Dovev, Israel"
3747,Dolev,448,31.926249,35.133591,"Dolev, Israel"
738,Dor,449,32.607802,34.923316,"Dor, Israel"
336,Dorot,450,31.507207,34.645725,"Dorot, Israel"
475,Dahi,451,32.622491,35.343604,"Dahi, Israel"
490,Deir Al-Asad,452,32.93445,35.268394,"Deir Al-Asad, Israel"
492,Deir Hanna,453,32.862316,35.365253,"Deir Hanna, Israel"
493,Deir Rafat,454,31.77653,34.947439,"Deir Rafat, Israel"
2200,Dimona,455,31.069419,35.033363,"Dimona, Israel"
2063,Dishon,456,33.082318,35.517572,"Dishon, Israel"
300,Daliyya,457,32.58925,35.076965,"Daliyya, Israel"
431,Dalton,458,33.016553,35.489911,"Dalton, Israel"
1317,Demeide,460,32.8149647,35.2265642,"Demeide, Israel"
303,Dan,461,33.239745,-35.653803,"Dan, Israel"
302,Dafna,462,33.23075,35.638268,"Dafna, Israel"
1241,Deqel,463,31.195908,34.346771,"Deqel, Israel"
1349,Derig'at,468,31.301885,35.076793,"Derig'at, Israel"
702,HaOn,469,32.726748,35.622665,"HaOn, Israel"
675,HaBonim,470,32.636586,34.932704,"HaBonim, Israel"
356,HaGosherim,471,33.221485,35.623028,"HaGosherim, Israel"
191,Hadar Am,472,32.349653,34.898945,"Hadar Am, Israel"
9700,Hod HaSharon,473,32.149961,34.8838788,"Hod HaSharon, Israel"
1322,Hodayot,474,32.788611,35.435,"Hodayot, Israel"
726,Hodiyya,475,31.676356,34.639275,"Hodiyya, Israel"
1169,Al-Hawashila,476,,,"Al-Hawashila, Israel"
956,Al-Huzayyil,477,,,"Al-Huzayyil, Israel"
1186,Hosha'aya,478,32.757927,35.295225,"Hosha'aya, Israel"
250,HaZorea,479,32.644516,35.11918,"HaZorea, Israel"
307,HaZore'im,480,32.644516,35.11918,"HaZore'im, Israel"
434,HaHoterim,481,32.752311,34.957545,"HaHoterim, Israel"
684,HaYogev,482,32.612753,35.207483,"HaYogev, Israel"
1208,Hilla,483,33.036175,35.244582,"Hilla, Israel"
377,HaMa'pil,484,32.378035,34.983146,"HaMa'pil, Israel"
677,HaSolelim,486,32.751802,35.238022,"HaSolelim, Israel"
423,HaOgen,487,32.360437,34.923338,"HaOgen, Israel"
3769,Har Adar,491,31.824501,35.12966,"Har Adar, Israel"
3603,Har Gillo,495,31.722058,35.171491,"Har Gillo, Israel"
1261,Har Amasa,503,31.342717,35.101599,"Har Amasa, Israel"
464,Har'el,504,31.808975,34.947959,"Har'el, Israel"
1249,Harduf,505,32.763717,35.174663,"Harduf, Israel"
6400,Herzliyya,510,32.162413,34.844675,"Herzliyya, Israel"
1203,Hararit,511,32.845696,35.369257,"Hararit, Israel"
3639,Wered Yeriho,513,31.826192,35.432139,"Wered Yeriho, Israel"
1133,Wardon,514,31.663823,34.781766,"Wardon, Israel"
2742,Az-Zabarika,515,,,"Az-Zabarika, Israel"
815,Zavdi'el,516,31.6592451,34.7602609,"Zavdi'el, Israel"
44,Zohar,517,31.595592,34.692362,"Zohar, Israel"
584,Ziqim,518,31.607204,34.520968,"Ziqim, Israel"
788,Zetan,519,31.975178,34.891732,"Zetan, Israel"
9300,Zikhron Ya'aqov,520,32.573905,34.951977,"Zikhron Ya'aqov, Israel"
799,Zekharya,521,31.708812,34.944708,"Zekharya, Israel"
1290,Zemer,522,32.365684,35.034651,"Zemer, Israel"
1065,Zimrat,523,31.447853,34.552288,"Zimrat, Israel"
816,Zanoah,524,31.733813,34.999369,"Zanoah, Israel"
2064,Zeru'a,525,31.459133,34.624161,"Zeru'a, Israel"
975,Zarzir,526,32.723291,35.220436,"Zarzir, Israel"
818,Zerahya,527,31.681742,34.746419,"Zerahya, Israel"
1321,Khawaled,528,32.758894,35.158374,"Khawaled, Israel"
986,Khawalid / Al-Khawalid,529,32.758894,35.158374,"Khawalid / Al-Khawalid, Israel"
235,Havazzelet HaSharon,530,32.3604,34.861819,"Havazzelet HaSharon, Israel"
1110,Hever,531,32.549097,35.264911,"Hever, Israel"
717,Hagor,532,32.138591,34.947614,"Hagor, Israel"
3764,Haggay,533,31.49253,35.079537,"Haggay, Israel"
205,Hogla,534,32.38907,34.924252,"Hogla, Israel"
4026,Had-Nes,535,32.927514,35.641408,"Had-Nes, Israel"
618,Hadid,536,31.969429,34.932156,"Hadid, Israel"
6500,Hadera,537,32.4340458,34.9196518,"Hadera, Israel"
948,Al-Hujayrat (Zahra),538,,,"Al-Hujayrat (Zahra), Israel"
160,Hulda,539,31.83215,34.881523,"Hulda, Israel"
6600,Holon,540,32.015833,34.787384,"Holon, Israel"
1239,Holit,541,31.230563,34.32734,"Holit, Israel"
253,Hulata,542,33.052851,35.609244,"Hulata, Israel"
662,Hosen,543,32.997699,35.298723,"Hosen, Israel"
1332,Hussniyya,544,32.900573,35.322507,"Hussniyya, Israel"
115,Hofit,546,32.386082,34.874078,"Hofit, Israel"
374,Huqoq,547,32.878631,35.496654,"Huqoq, Israel"
1303,Hura,548,31.300399,34.935688,"Hura, Israel"
496,Hurfeish,549,33.016688,35.347106,"Hurfeish, Israel"
355,Horeshim,550,32.137875,34.97102,"Horeshim, Israel"
1047,Hazon,551,32.90658,35.395291,"Hazon, Israel"
219,Hibbat Ziyyon,552,32.397995,34.911931,"Hibbat Ziyyon, Israel"
3643,Hinnanit,553,32.480891,35.173181,"Hinnanit, Israel"
4000,Haifa,554,32.7940463,34.989571,"Haifa, Israel"
162,Herut,555,32.240973,34.914127,"Herut, Israel"
1272,Haluz,556,32.95055,35.312278,"Haluz, Israel"
820,Helez,557,31.57794,34.658391,"Helez, Israel"
993,Hamam,558,32.828399,35.491721,"Hamam, Israel"
801,Hemed,559,32.017992,34.841265,"Hemed, Israel"
343,Hamadya,560,32.519773,35.520568,"Hamadya, Israel"
3646,Hemdat,561,32.252028,35.526843,"Hemdat, Israel"
3609,Hamra,562,32.199688,35.43735,"Hamra, Israel"
807,Hanni'el,563,32.332803,34.947693,"Hanni'el, Israel"
280,Hanita,564,33.087634,35.17343,"Hanita, Israel"
1257,Hannaton,565,32.783051,35.245063,"Hannaton, Israel"
4005,Haspin,566,32.8456305,35.7929907,"Haspin, Israel"
363,Hafez Hayyim,567,31.789319,34.799739,"Hafez Hayyim, Israel"
90,Hefzi-Bah,568,32.518729,35.426247,"Hefzi-Bah, Israel"
700,Hazav,569,31.780095,34.770572,"Hazav, Israel"
13,Hazeva,570,30.767942,35.278498,"Hazeva, Israel"
406,Hazor-Ashdod,571,31.772744,34.719366,"Hazor-Ashdod, Israel"
2034,Hazor HaGelilit,572,32.980382,35.543548,"Hazor HaGelilit, Israel"
397,Hazerim,573,31.240603,34.717427,"Hazerim, Israel"
422,Herev Le'Et,574,32.403526,34.917146,"Herev Le'Et, Israel"
1024,Haruzim,575,32.22771,34.864772,"Haruzim, Israel"
1247,Harish,576,32.4618771,35.0455828,"Harish, Israel"
3717,Hermesh,578,32.423726,35.118993,"Hermesh, Israel"
1209,Harashim,579,32.957737,35.328217,"Harashim, Israel"
3770,Hashmona'im,580,31.932631,35.023269,"Hashmona'im, Israel"
6700,Tiberias,581,32.795859,35.530973,"Tiberias, Israel"
962,Tuba-Zangariyye,582,32.96621,35.592018,"Tuba-Zangariyye, Israel"
498,Tur'an,583,32.775137,35.378344,"Tur'an, Israel"
2730,Tayibe,584,32.266892,35.009675,"Tayibe, Israel"
497,Tayibe(Baemeq),585,32.603882,35.44368,"Tayibe(Baemeq), Israel"
2720,Tire,586,32.235466,34.950506,"Tire, Israel"
663,Tirat Yehuda,587,32.014833,34.935878,"Tirat Yehuda, Israel"
2100,Tirat Karmel,588,32.762127,34.97298,"Tirat Karmel, Israel"
268,Tirat Zevi,589,32.422486,35.52832,"Tirat Zevi, Israel"
1181,Tal-El,590,32.927306,35.182499,"Tal-El, Israel"
462,Tal Shahar,591,31.804404,34.903272,"Tal Shahar, Israel"
1177,Telalim,592,30.991511,34.771261,"Telalim, Israel"
3788,Talmon,593,31.939475,35.133131,"Talmon, Israel"
8900,Tamra,594,32.852247,35.201315,"Tamra, Israel"
547,Tamra (Yizre'el),595,32.634918,35.402699,"Tamra (Yizre'el), Israel"
3743,Tene,596,31.376132,34.957383,"Tene, Israel"
1214,Tefahot,597,32.868562,35.422204,"Tefahot, Israel"
1295,Yanuh-Jat,598,32.981568,35.241169,"Yanuh-Jat, Israel"
1232,Yevul,599,31.189458,34.318952,"Yevul, Israel"
46,Yavne'el,600,32.708765,35.503778,"Yavne'el, Israel"
2660,Yavne,601,31.877958,34.739449,"Yavne, Israel"
96,Yagur,602,32.741532,35.076826,"Yagur, Israel"
798,Yagel,603,31.987792,34.880262,"Yagel, Israel"
577,Yad Binyamin,604,31.796685,34.82037,"Yad Binyamin, Israel"
1134,Yad HaShemona,605,31.80955,35.089617,"Yad HaShemona, Israel"
758,Yad Hanna,606,32.325311,35.006692,"Yad Hanna, Israel"
358,Yad Mordekhay,607,31.586963,34.5575,"Yad Mordekhay, Israel"
775,Yad Natan,608,31.652961,34.704874,"Yad Natan, Israel"
64,Yad Rambam,609,31.899841,34.900086,"Yad Rambam, Israel"
1144,Yedida,610,31.812281,35.104639,"Yedida, Israel"
9400,Yehud,611,32.0340049,34.8859465,"Yehud, Israel"
1158,Yahel,612,30.084234,35.128393,"Yahel, Israel"
2009,Yuval,613,33.246577,35.597063,"Yuval, Israel"
1226,Yuvallim,614,32.878163,35.269294,"Yuvallim, Israel"
1112,Yodefat,615,32.836596,35.271481,"Yodefat, Israel"
4007,Yonatan,616,32.93966,35.795468,"Yonatan, Israel"
803,Yoshivya,617,31.444699,34.608784,"Yoshivya, Israel"
452,Yizre'el,618,32.562589,35.319425,"Yizre'el, Israel"
409,Yehi'am,619,32.996109,35.221091,"Yehi'am, Israel"
866,Yotvata,620,29.896322,35.059227,"Yotvata, Israel"
3607,Yitav,621,31.947215,35.422375,"Yitav, Israel"
811,Yakhini,622,31.482205,34.598634,"Yakhini, Israel"
753,Yanuv,624,32.307431,34.951384,"Yanuv, Israel"
2011,Yinnon,625,31.741832,34.780947,"Yinnon, Israel"
29,Yesud HaMa'ala,626,33.05358,35.589013,"Yesud HaMa'ala, Israel"
440,Yesodot,627,31.815835,34.865636,"Yesodot, Israel"
575,Yas'ur,628,32.901145,35.166641,"Yas'ur, Israel"
1138,Ya'ad,629,32.881225,35.24064,"Ya'ad, Israel"
1117,Ya'el,630,32.551988,35.30612,"Ya'el, Israel"
1044,Ye'af,631,32.268254,34.967425,"Ye'af, Israel"
795,Ya'ara,632,33.068013,35.18608,"Ya'ara, Israel"
499,Yafi,634,32.049357,34.758355,"Yafi, Israel"
3566,Yafit,635,32.062687,35.474317,"Yafit, Israel"
134,Yif'at,636,32.675853,35.223982,"Yif'at, Israel"
453,Yiftah,637,33.128346,35.55203,"Yiftah, Israel"
3749,Yizhar,638,32.169669,35.236428,"Yizhar, Israel"
759,Yaziz,639,31.863226,34.861903,"Yaziz, Israel"
417,Yaqum,640,32.249196,34.841903,"Yaqum, Israel"
3647,Yaqir,641,32.149831,35.114631,"Yaqir, Israel"
241,Yoqne'am(Moshava),642,32.655859,35.115152,"Yoqne'am(Moshava), Israel"
240,Yoqne'am Illit,643,32.660225,35.104606,"Yoqne'am Illit, Israel"
623,Yir'on,644,33.077239,35.454291,"Yir'on, Israel"
2026,Yardena,645,32.565357,35.565978,"Yardena, Israel"
831,Yeroham,646,30.987804,34.929741,"Yeroham, Israel"
3000,Jerusalem,647,31.768319,35.21371,"Jerusalem, Israel"
718,Yarhiv,648,32.151536,34.967992,"Yarhiv, Israel"
502,Yirka,649,32.953492,35.21199,"Yirka, Israel"
183,Yarqona,650,32.144524,34.897882,"Yarqona, Israel"
916,Yesha,651,31.247595,34.403091,"Yesha, Israel"
805,Yish'i,652,31.752969,34.962586,"Yish'i, Israel"
828,Yashresh,653,31.915667,34.847337,"Yashresh, Israel"
1227,Yated,654,31.207042,34.326126,"Yated, Israel"
504,Kabul,655,32.8699737,35.2054376,"Kabul, Israel"
505,Kaokab Abu Al-Hija,656,32.831888,35.248701,"Kaokab Abu Al-Hija, Israel"
576,Kabri,657,33.020985,35.147007,"Kabri, Israel"
371,Kadoorie,658,32.7028394,35.4066647,"Kadoorie, Israel"
1338,Kaddita,659,33.005954,35.468309,"Kaddita, Israel"
3564,Kokhav HaShahar,660,31.960264,35.349421,"Kokhav HaShahar, Israel"
1224,Kokhav Ya'ir,661,32.220922,34.992405,"Kokhav Ya'ir, Israel"
3779,Kokhav Ya'aqov,662,31.880152,35.242773,"Kokhav Ya'aqov, Israel"
824,Kokhav Mikha'el,663,31.631482,34.667794,"Kokhav Mikha'el, Israel"
1252,Korazim,664,32.911389,35.563889,"Korazim, Israel"
1210,Kahal,665,32.890465,35.511572,"Kahal, Israel"
1367,Kochlea,666,31.288358,35.048529,"Kochlea, Israel"
840,Kissufim,667,31.374545,34.398992,"Kissufim, Israel"
1153,Kishor,668,32.946651,35.250213,"Kishor, Israel"
1183,Kelil,669,32.983567,35.199672,"Kelil, Israel"
1229,Kallanit,670,32.875328,35.453972,"Kallanit, Israel"
1331,Kamane,671,32.909311,35.336928,"Kamane, Israel"
1291,Kemehin,672,30.910327,34.430725,"Kemehin, Israel"
1201,Kammon,673,32.909119,35.360916,"Kammon, Israel"
2006,Kannot,674,31.802752,34.750993,"Kannot, Israel"
4028,Kanaf,675,32.870412,35.697897,"Kanaf, Israel"
63,Kinneret(Moshava),676,32.723787,35.565242,"Kinneret(Moshava), Israel"
57,Kinneret(Qevuza),677,32.8244321,35.5879975,"Kinneret(Qevuza), Israel"
1059,Kuseife,678,31.249246,35.083681,"Kuseife, Israel"
859,Kesalon,679,31.774262,35.048171,"Kesalon, Israel"
1296,Kisra-Sumei,680,32.97232,35.298528,"Kisra-Sumei, Israel"
978,Ka'abiyye-Tabbash-Hajajre,681,32.750389,35.184,"Ka'abiyye-Tabbash-Hajajre, Israel"
857,Kefar Aviv,682,31.831039,34.722577,"Kefar Aviv, Israel"
3638,Kefar Adummim,683,31.827216,35.337189,"Kefar Adummim, Israel"
364,Kefar Uriyya,684,31.793399,34.944757,"Kefar Uriyya, Israel"
690,Kefar Ahim,685,31.745864,34.755932,"Kefar Ahim, Israel"
220,Kefar Bialik,686,32.821376,35.087749,"Kefar Bialik, Israel"
177,Kefar Bilu,687,31.870475,34.826734,"Kefar Bilu, Israel"
357,Kefar Blum,688,33.172527,35.607938,"Kefar Blum, Israel"
2010,Kefar Bin Nun,689,31.861679,34.947191,"Kefar Bin Nun, Israel"
633,Kafar Bara,690,32.130911,34.970108,"Kafar Bara, Israel"
132,Kefar Barukh,691,32.646048,35.193078,"Kefar Barukh, Israel"
106,Kefar Gid'on,692,32.644579,35.289278,"Kefar Gid'on, Israel"
427,Kefar Gallim,693,32.76615,34.959511,"Kefar Gallim, Israel"
310,Kefar Glikson,694,32.505824,35.00354,"Kefar Glikson, Israel"
76,Kefar Gil'adi,695,33.242078,35.574142,"Kefar Gil'adi, Israel"
707,Kefar Daniyyel,696,31.933521,34.932306,"Kefar Daniyyel, Israel"
3796,Kefar HaOranim,697,31.919928,35.036911,"Kefar HaOranim, Israel"
192,Kefar HaHoresh,698,32.701549,35.272956,"Kefar HaHoresh, Israel"
254,Kefar HaMakkabbi,699,32.791804,35.114793,"Kefar HaMakkabbi, Israel"
582,Kefar HaNagid,700,31.887134,34.748725,"Kefar HaNagid, Israel"
890,Kefar HaNo'ar Hadati,701,32.742897,35.09615,"Kefar HaNo'ar Hadati, Israel"
443,Kefar HaNasi,702,32.97466,35.602308,"Kefar HaNasi, Israel"
187,Kefar Hess,703,32.247721,34.935137,"Kefar Hess, Israel"
217,Kefar HaRo'e,704,32.391037,34.910917,"Kefar HaRo'e, Israel"
888,Kefar Harif,705,31.747029,34.790928,"Kefar Harif, Israel"
190,Kefar Vitkin,706,32.380541,34.875308,"Kefar Vitkin, Israel"
320,Kefar Warburg,707,31.718747,34.72868,"Kefar Warburg, Israel"
1263,Kefar Weradim,708,32.995088,35.269101,"Kefar Weradim, Israel"
1325,Kefar Zoharim,709,31.622631,34.925669,"Kefar Zoharim, Israel"
786,Kefar Zetim,710,32.811614,35.465165,"Kefar Zetim, Israel"
696,Kefar Habad,711,31.990144,34.849103,"Kefar Habad, Israel"
609,Kefar Hoshen,712,33.013123,35.440171,"Kefar Hoshen, Israel"
255,Kefar Hittim,713,32.799998,35.50328,"Kefar Hittim, Israel"
193,Kefar Hayyim,714,32.353857,34.900709,"Kefar Hayyim, Israel"
1297,Kefar Hananya,715,32.915993,35.423785,"Kefar Hananya, Israel"
112,Kefar Hasidim Alef,716,32.752262,35.094212,"Kefar Hasidim Alef, Israel"
889,Kefar Hasidim Bet,717,32.750515,35.088281,"Kefar Hasidim Bet, Israel"
4004,Kefar Haruv,718,32.762357,35.66418,"Kefar Haruv, Israel"
673,Kefar Truman,719,31.980493,34.927696,"Kefar Truman, Israel"
507,Kafar Yasif,720,32.9520318,35.1599957,"Kafar Yasif, Israel"
233,Kefar Yedidya,721,32.344902,34.899038,"Kefar Yedidya, Israel"
140,Kefar Yehoshua,722,32.681639,35.151976,"Kefar Yehoshua, Israel"
168,Kefar Yona,723,32.317719,34.933615,"Kefar Yona, Israel"
85,Kefar Yehezqel,724,32.566949,35.360888,"Kefar Yehezqel, Israel"
170,Kefar Ya'bez,725,32.273948,34.965197,"Kefar Ya'bez, Israel"
508,Kafar Kama,726,32.721105,35.442834,"Kafar Kama, Israel"
509,Kafar Kanna,727,32.7481978,35.3438402,"Kafar Kanna, Israel"
387,Kefar Monash,728,32.345607,34.916426,"Kefar Monash, Israel"
1095,Kefar Maymon,729,31.431401,34.53718,"Kefar Maymon, Israel"
98,Kefar Malal,730,32.167567,34.894744,"Kefar Malal, Israel"
510,Kafar Manda,731,32.81236,35.258613,"Kafar Manda, Israel"
274,Kefar Menahem,732,31.732077,34.835079,"Kefar Menahem, Israel"
297,Kefar Masaryk,733,32.891218,35.098414,"Kefar Masaryk, Israel"
512,Kafar Misr,734,32.647371,35.421551,"Kafar Misr, Israel"
764,Kefar Mordekhay,735,31.831504,34.756643,"Kefar Mordekhay, Israel"
316,Kefar Netter,736,32.271928,34.871979,"Kefar Netter, Israel"
345,Kefar Szold,737,33.196035,35.657993,"Kefar Szold, Israel"
6900,Kefar Sava,738,32.178195,34.90761,"Kefar Sava, Israel"
107,Kefar Silver,739,31.675669,34.612311,"Kefar Silver, Israel"
249,Kefar Sirkin,740,32.076684,34.922763,"Kefar Sirkin, Israel"
875,Kefar Avoda,741,32.255731,34.939669,"Kefar Avoda, Israel"
845,Kefar Azza,742,31.483416,34.532291,"Kefar Azza, Israel"
3488,Kefar Ezyon,743,31.649486,35.115234,"Kefar Ezyon, Israel"
189,Kefar Pines,744,32.482717,35.002063,"Kefar Pines, Israel"
634,Kafar Qasem,745,32.114093,34.972767,"Kafar Qasem, Israel"
388,Kefar Kisch,746,32.666087,35.44895,"Kefar Kisch, Israel"
654,Kafar Qara,747,32.505518,35.054251,"Kafar Qara, Israel"
579,Kefar Rosh HaNiqra,748,33.08609,35.113455,"Kefar Rosh HaNiqra, Israel"
1130,Kefar Rozenwald(Zarit),749,33.098985,35.288522,"Kefar Rozenwald(Zarit), Israel"
295,Kefar Ruppin,750,32.457549,35.555673,"Kefar Ruppin, Israel"
1166,Kefar Rut,751,31.910378,35.035309,"Kefar Rut, Israel"
605,Kefar Shammay,752,32.955698,35.457916,"Kefar Shammay, Israel"
743,Kefar Shemu'el,753,31.888259,34.934819,"Kefar Shemu'el, Israel"
267,Kefar Shemaryahu,754,32.187123,34.823124,"Kefar Shemaryahu, Israel"
47,Kefar Tavor,755,32.687346,35.419972,"Kefar Tavor, Israel"
3572,Kefar Tappuah,756,32.117973,35.249829,"Kefar Tappuah, Israel"
1285,Karkom,757,32.928271,35.606331,"Karkom, Israel"
664,Kerem Ben Zimra,758,33.039224,35.469889,"Kerem Ben Zimra, Israel"
88,Kerem Ben Shemen,759,31.958896,34.934104,"Kerem Ben Shemen, Israel"
1094,Kerem Yavne(Yeshiva),760,31.8169574,34.7236186,"Kerem Yavne(Yeshiva), Israel"
580,Kerem Maharal,761,32.644325,34.99145,"Kerem Maharal, Israel"
1085,Kerem Shalom,762,31.228281,34.284559,"Kerem Shalom, Israel"
1264,Karme Yosef,763,31.848024,34.921347,"Karme Yosef, Israel"
3766,Karme Zur,764,31.609468,35.101273,"Karme Zur, Israel"
1374,Karme Katif,765,31.537825,34.911993,"Karme Katif, Israel"
1139,Karmi'el,766,32.914671,35.292417,"Karmi'el, Israel"
768,Karmiyya,767,31.602695,34.540413,"Karmiyya, Israel"
1198,Keramim,768,31.333464,34.917879,"Keramim, Israel"
3656,Karmel,769,32.7427316,35.0483915,"Karmel, Israel"
1207,Lavon,770,32.94118,35.286475,"Lavon, Israel"
585,Lavi,771,32.787648,35.440717,"Lavi, Israel"
1230,Livnim,772,32.86379,35.497479,"Livnim, Israel"
2023,Lahav,773,31.379363,34.871311,"Lahav, Israel"
380,Lahavot HaBashan,774,33.1412178,35.6478714,"Lahavot HaBashan, Israel"
715,Lahavot Haviva,775,32.395216,35.01179,"Lahavot Haviva, Israel"
1271,Lehavim,776,31.373835,34.816952,"Lehavim, Israel"
7000,Lod,777,31.951014,34.888075,"Lod, Israel"
52,Luzit,778,31.688209,34.888222,"Luzit, Israel"
595,Lohame HaGeta'ot,779,32.962661,35.096741,"Lohame HaGeta'ot, Israel"
1171,Lotem,780,32.880858,35.35996,"Lotem, Israel"
1255,Lotan,781,29.988263,35.086776,"Lotan, Israel"
674,Liman,782,33.058732,35.111815,"Liman, Israel"
24,Lakhish,783,31.560907,34.84409,"Lakhish, Israel"
1310,Lappid,784,31.917522,35.032191,"Lappid, Israel"
1173,Lappidot,785,32.959801,35.260956,"Lappidot, Israel"
1060,Laqye,786,31.324884,34.866219,"Laqye, Israel"
2055,Ma'or,787,32.425832,35.005289,"Ma'or, Israel"
102,Me'ir Shefeya,788,32.5912213,34.9710703,"Me'ir Shefeya, Israel"
771,Mevo Betar,789,31.722592,35.106656,"Mevo Betar, Israel"
3569,Mevo Dotan,790,32.420772,35.173869,"Mevo Dotan, Israel"
3709,Mevo Horon,791,31.849598,35.034977,"Mevo Horon, Israel"
4204,Mevo Hamma,792,32.736701,35.655207,"Mevo Hamma, Israel"
1141,Mevo Modi'im,793,31.933851,34.987999,"Mevo Modi'im, Israel"
1318,Mevo'ot Yam,794,32.401697,34.866797,"Mevo'ot Yam, Israel"
1080,Mabbu'im,795,31.44945,34.654994,"Mabbu'im, Israel"
829,Mivtahim,796,31.242423,34.407488,"Mivtahim, Israel"
573,Mavqi'im,797,31.622518,34.577431,"Mavqi'im, Israel"
1015,Mevasseret Ziyyon,798,31.804052,35.157891,"Mevasseret Ziyyon, Israel"
516,Majd al-Kurum,799,32.920132,35.25665,"Majd al-Kurum, Israel"
4201,Majdal Shams,800,33.2690961,35.772122,"Majdal Shams, Israel"
481,Mughar,801,32.890704,35.40461,"Mughar, Israel"
689,Megadim,802,32.727734,34.960923,"Megadim, Israel"
65,Migdal,803,32.839494,35.499849,"Migdal, Israel"
874,Migdal HaEmeq,804,32.6778114,35.2417497,"Migdal HaEmeq, Israel"
3561,Migdal Oz,805,31.640932,35.143139,"Migdal Oz, Israel"
3751,Migdalim,807,32.089866,35.342633,"Migdalim, Israel"
586,Megiddo,808,32.577899,35.179972,"Megiddo, Israel"
375,Maggal,809,32.385556,35.036147,"Maggal, Israel"
695,Magen,810,31.298108,34.427059,"Magen, Israel"
1155,Magen Sha'ul,811,32.521471,35.306431,"Magen Sha'ul, Israel"
722,Magshimim,812,32.044363,34.899834,"Magshimim, Israel"
2029,Midrakh Oz,813,32.594648,35.157976,"Midrakh Oz, Israel"
1140,Midreshet Ben Gurion,814,30.852297,34.7834,"Midreshet Ben Gurion, Israel"
897,Midreshet Ruppin,815,30.852297,34.7834,"Midreshet Ruppin, Israel"
1200,Modi'in-Makkabbim-Re'ut,816,31.890267,35.010397,"Modi'in-Makkabbim-Re'ut, Israel"
3797,Modi'in Illit,817,31.932477,35.042265,"Modi'in Illit, Israel"
269,Moledet,818,32.586196,35.438941,"Moledet, Israel"
208,Moza Illit,819,31.793591,35.157,"Moza Illit, Israel"
635,Muqeible,820,32.514142,35.294806,"Muqeible, Israel"
1163,Moran,821,32.921637,35.39481,"Moran, Israel"
1178,Moreshet,822,32.826132,35.231997,"Moreshet, Israel"
606,Mazor,823,32.050698,34.931373,"Mazor, Israel"
28,Mazkeret Batya,824,31.853167,34.842421,"Mazkeret Batya, Israel"
104,Mizra,827,32.649879,35.286404,"Mizra, Israel"
517,Mazra'a,828,32.983652,35.098934,"Mazra'a, Israel"
3599,Mehola,829,32.365285,35.51602,"Mehola, Israel"
1411,Mahane Hilla,830,31.7865467,35.2129782,"Mahane Hilla, Israel"
1418,Mahane Tali,831,31.7865467,35.2129782,"Mahane Tali, Israel"
1413,Mahane Yehudit,832,31.7865467,35.2129782,"Mahane Yehudit, Israel"
1416,Mahane Yokheved,833,31.7865467,35.2129782,"Mahane Yokheved, Israel"
1415,Mahane Yafa,834,32.049357,34.758355,"Mahane Yafa, Israel"
1196,Mahane Yattir,835,31.347793,35.060671,"Mahane Yattir, Israel"
1414,Mahane Miryam,836,31.7865467,35.2129782,"Mahane Miryam, Israel"
1412,Mahane Tel Nof,837,31.7865467,35.2129782,"Mahane Tel Nof, Israel"
308,Mahanayim,838,32.988845,35.570375,"Mahanayim, Israel"
776,Mahseya,839,31.748858,35.00726,"Mahseya, Israel"
43,Metula,840,33.277232,35.578235,"Metula, Israel"
822,Matta,841,31.716522,35.060571,"Matta, Israel"
1128,Me Ammi,842,32.504963,35.146425,"Me Ammi, Israel"
2054,Metav,843,32.545509,35.300898,"Metav, Israel"
649,Meiser,844,32.445246,35.042131,"Meiser, Israel"
4019,Mezar,845,32.768641,35.736356,"Mezar, Israel"
1282,Merav,846,32.452041,35.422479,"Merav, Israel"
607,Meron,847,32.985226,35.441643,"Meron, Israel"
731,Meshar,848,31.815936,34.752588,"Meshar, Israel"
1268,Metar,849,31.327011,34.943213,"Metar, Israel"
3614,Mekhora,850,32.164159,35.423623,"Mekhora, Israel"
1343,Makchul,851,31.288515,35.075736,"Makchul, Israel"
382,Mikhmoret,852,32.406504,34.871551,"Mikhmoret, Israel"
1202,Mikhmannim,853,32.905865,35.328991,"Mikhmannim, Israel"
164,Mele'a,854,32.563149,35.237528,"Mele'a, Israel"
2044,Melilot,855,31.389897,34.595243,"Melilot, Israel"
596,Malkiyya,856,33.098589,35.509624,"Malkiyya, Israel"
1154,Malkishua,857,32.438568,35.412757,"Malkishua, Israel"
2030,Menuha,858,31.656159,34.777273,"Menuha, Israel"
1174,Manof,859,32.853258,35.237355,"Manof, Israel"
1205,Manot,860,33.038709,35.195156,"Manot, Israel"
48,Menahemya,861,32.664333,35.555338,"Menahemya, Israel"
347,Menara,862,33.195375,35.543728,"Menara, Israel"
994,Manshiyyet Zabda,863,32.706219,35.192415,"Manshiyyet Zabda, Israel"
1258,Massad,864,32.844008,35.423563,"Massad, Israel"
263,Massada,865,31.3114167,35.3626955,"Massada, Israel"
298,Mesillot,866,32.497362,35.474651,"Mesillot, Israel"
742,Mesillat Ziyyon,867,31.801449,35.009463,"Mesillat Ziyyon, Israel"
748,Maslul,868,31.323677,34.590761,"Maslul, Israel"
4203,Mas'ade,869,33.2321159,35.7555991,"Mas'ade, Israel"
939,Mas'udin al 'Azazma,870,,,"Mas'udin al 'Azazma, Israel"
197,Ma'barot,871,32.364197,34.905733,"Ma'barot, Israel"
1082,Ma'galim,872,31.398859,34.598239,"Ma'galim, Israel"
678,Ma'agan,873,32.706344,35.600575,"Ma'agan, Israel"
694,Ma'agan Mikha'el,874,32.55871,34.917816,"Ma'agan Mikha'el, Israel"
272,Ma'oz Hayyim,875,32.49407,35.550767,"Ma'oz Hayyim, Israel"
3657,Ma'on,876,31.414592,35.163893,"Ma'on, Israel"
570,Me'ona,877,33.016894,35.263626,"Me'ona, Israel"
416,Ma'yan Barukh,878,33.239349,35.609359,"Ma'yan Barukh, Israel"
290,Ma'yan Zevi,879,32.568484,34.940623,"Ma'yan Zevi, Israel"
518,Mi'elya,880,33.027194,35.256304,"Mi'elya, Israel"
3616,Ma'ale Adummim,881,31.777369,35.297955,"Ma'ale Adummim, Israel"
3608,Ma'ale Efrayim,882,32.071304,35.4039,"Ma'ale Efrayim, Israel"
1127,Ma'ale Gilboa,883,32.476065,35.420637,"Ma'ale Gilboa, Israel"
4008,Ma'ale Gamla,884,32.888256,35.685966,"Ma'ale Gamla, Israel"
286,Ma'ale HaHamisha,885,31.817429,35.109406,"Ma'ale HaHamisha, Israel"
3752,Ma'ale Levona,886,32.054436,35.239503,"Ma'ale Levona, Israel"
3651,Ma'ale Mikhmas,887,31.879131,35.305902,"Ma'ale Mikhmas, Israel"
1327,Ma'ale Iron,888,32.554128,35.182499,"Ma'ale Iron, Israel"
3653,Ma'ale Amos,889,31.596887,35.229365,"Ma'ale Amos, Israel"
3637,Ma'ale Shomeron,890,32.165406,35.069744,"Ma'ale Shomeron, Israel"
1063,Ma'alot-Tarshiha,891,33.015026,35.276017,"Ma'alot-Tarshiha, Israel"
344,Ma'anit,892,32.457992,35.026573,"Ma'anit, Israel"
230,Ma'as,896,32.063511,34.892639,"Ma'as, Israel"
668,Mefallesim,897,31.502206,34.561674,"Mefallesim, Israel"
3745,Mezadot Yehuda,914,31.365586,35.11134,"Mezadot Yehuda, Israel"
325,Mazzuva,915,33.062312,35.155705,"Mazzuva, Israel"
757,Mazliah,916,31.906364,34.871278,"Mazliah, Israel"
58,Mizpa,917,32.791043,35.509443,"Mizpa, Israel"
1222,Mizpe Aviv,918,32.837951,35.201059,"Mizpe Aviv, Israel"
1370,Mitspe Ilan,919,32.461378,35.068861,"Mitspe Ilan, Israel"
3576,Mizpe Yeriho,920,31.815688,35.395409,"Mizpe Yeriho, Israel"
1190,Mizpe Netofa,921,32.801748,35.383501,"Mizpe Netofa, Israel"
99,Mizpe Ramon,922,30.610203,34.801898,"Mizpe Ramon, Israel"
3610,Mizpe Shalem,923,31.568875,35.400367,"Mizpe Shalem, Israel"
648,Mezer,924,32.440186,35.047702,"Mezer, Israel"
22,Miqwe Yisra'el,925,32.033209,34.781489,"Miqwe Yisra'el, Israel"
843,Margaliyyot,926,33.216474,35.544354,"Margaliyyot, Israel"
4101,Merom Golan,927,33.132583,35.777071,"Merom Golan, Israel"
1340,Merhav Am,928,30.888022,34.828175,"Merhav Am, Israel"
97,Merhavya(Moshav),929,32.6047,35.3081,"Merhavya(Moshav), Israel"
66,Merhavya(Qibbuz),930,32.60585,35.30725,"Merhavya(Qibbuz), Israel"
1098,Merkaz Shappira,937,31.696927,34.707319,"Merkaz Shappira, Israel"
421,Mash'abbe Sade,938,31.004042,34.785029,"Mash'abbe Sade, Israel"
765,Misgav Dov,939,31.819054,34.739162,"Misgav Dov, Israel"
378,Misgav Am,940,33.247572,35.548499,"Misgav Am, Israel"
520,Meshhed,941,32.738912,35.322494,"Meshhed, Israel"
3605,Massu'a,942,31.3114167,35.3626955,"Massu'a, Israel"
620,Massu'ot Yizhaq,943,31.70261,34.689968,"Massu'ot Yizhaq, Israel"
3785,Maskiyyot,944,32.317865,35.502754,"Maskiyyot, Israel"
670,Mishmar Ayyalon,945,31.872478,34.943253,"Mishmar Ayyalon, Israel"
563,Mishmar Dawid,946,31.823558,34.900676,"Mishmar Dawid, Israel"
732,Mishmar HaYarden,947,33.003484,35.598271,"Mishmar HaYarden, Israel"
395,Mishmar HaNegev,948,31.364796,34.717968,"Mishmar HaNegev, Israel"
130,Mishmar HaEmeq,949,32.610063,35.142673,"Mishmar HaEmeq, Israel"
729,Mishmar HaShiv'a,950,32.010891,34.822337,"Mishmar HaShiv'a, Israel"
194,Mishmar HaSharon,951,32.356305,34.904256,"Mishmar HaSharon, Israel"
213,Mishmarot,952,32.486513,34.983892,"Mishmarot, Israel"
425,Mishmeret,953,32.227586,34.922055,"Mishmeret, Israel"
791,Mash'en,954,31.656885,34.621607,"Mash'en, Israel"
1315,Mattan,955,32.159377,34.97319,"Mattan, Israel"
1184,Mattat,956,33.041684,35.356695,"Mattat, Israel"
3648,Mattityahu,957,31.929747,35.034997,"Mattityahu, Israel"
4551,Ne'ot Golan,958,32.787026,35.693172,"Ne'ot Golan, Israel"
1124,Ne'ot HaKikkar,959,30.933368,35.378126,"Ne'ot HaKikkar, Israel"
408,Ne'ot Mordekhay,961,33.159785,35.595602,"Ne'ot Mordekhay, Israel"
1197,Ne'ot Smadar,962,30.049079,35.028106,"Ne'ot Smadar, Israel"
524,Na'ura,963,32.61468,35.391133,"Na'ura, Israel"
396,Nevatim,964,31.219761,34.882488,"Nevatim, Israel"
315,Negba,965,31.662547,34.679561,"Negba, Israel"
3724,Negohot,966,31.493077,34.983347,"Negohot, Israel"
309,Nehora,967,31.621321,34.704496,"Nehora, Israel"
80,Nahalal,968,32.690807,35.19609,"Nahalal, Israel"
9100,Nahariyya,969,33.0085361,35.0980514,"Nahariyya, Israel"
4304,Nov,970,32.832852,35.783574,"Nov, Israel"
55,Nogah,971,31.625691,34.69528,"Nogah, Israel"
3573,Neve Tsuf,972,32.008313,35.128876,"Neve Tsuf, Israel"
1366,Nave,973,31.162183,34.329827,"Nave, Israel"
926,Newe Avot,974,31.7879065,35.2073008,"Newe Avot, Israel"
590,Newe Ur,975,32.589025,35.554544,"Newe Ur, Israel"
4303,Newe Ativ,976,33.26202,35.740574,"Newe Ativ, Israel"
405,Newe Ilan,977,31.807585,35.080922,"Newe Ilan, Israel"
296,Newe Etan,979,32.492304,35.533119,"Newe Etan, Israel"
3725,Newe Daniyyel,980,31.675969,35.142751,"Newe Daniyyel, Israel"
1057,Newe Zohar,981,31.152068,35.364771,"Newe Zohar, Israel"
1314,Newe Ziv,982,33.027399,35.18433,"Newe Ziv, Israel"
1279,Newe Harif,983,30.039793,35.03649,"Newe Harif, Israel"
312,Newe Yam,984,32.679769,34.93188,"Newe Yam, Israel"
686,Newe Yamin,985,32.171692,34.939378,"Newe Yamin, Israel"
858,Newe Yaraq,986,32.132729,34.925488,"Newe Yaraq, Israel"
827,Newe Mivtah,987,31.806767,34.741231,"Newe Mivtah, Israel"
1071,Newe Mikha'el,988,31.673049,35.00671,"Newe Mikha'el, Israel"
1259,Newe Shalom,989,31.817427,34.978335,"Newe Shalom, Israel"
15,No'am,990,31.568567,34.788161,"No'am, Israel"
1333,Nof Ayyalon,991,31.871215,34.991321,"Nof Ayyalon, Israel"
3790,Nofim,992,32.155458,35.09984,"Nofim, Israel"
1284,Nofit,993,32.763374,35.148316,"Nofit, Israel"
257,Nofekh,994,32.043748,34.920306,"Nofekh, Israel"
3726,Noqedim,995,31.645331,35.244064,"Noqedim, Israel"
447,Nordiyya,996,32.314656,34.896792,"Nordiyya, Israel"
833,Nurit,997,32.543238,35.355755,"Nurit, Israel"
59,Nehusha,998,31.628848,34.952732,"Nehusha, Israel"
844,Nahal Oz,1000,31.47268,34.497675,"Nahal Oz, Israel"
2045,Nahala,1002,31.66,34.792817,"Nahala, Israel"
3767,Nahali'el,1003,32.0687311,34.7672451,"Nahali'el, Israel"
449,Nehalim,1004,32.058597,34.9136,"Nehalim, Israel"
809,Naham,1005,31.7664783,35.0035723,"Naham, Israel"
522,Nahef,1006,32.934675,35.31652,"Nahef, Israel"
433,Nahsholim,1007,32.61309,34.92225,"Nahsholim, Israel"
777,Nahshon,1008,31.831616,34.955986,"Nahshon, Israel"
705,Nahshonim,1009,32.063236,34.947011,"Nahshonim, Israel"
1147,Netu'a,1010,33.065387,35.323406,"Netu'a, Israel"
4014,Natur,1011,32.854068,35.752574,"Natur, Israel"
1369,Neta,1012,31.477893,34.927774,"Neta, Israel"
174,Neta'im,1013,31.945689,34.775145,"Neta'im, Israel"
1254,Nataf,1014,31.831276,35.06958,"Nataf, Israel"
523,Nein,1015,32.630986,35.349399,"Nein, Israel"
3655,Nili,1016,32.549043,35.041194,"Nili, Israel"
351,Nizzan,1017,31.749544,35.2104684,"Nizzan, Israel"
1419,Nizzan B,1018,31.737089,34.638235,"Nizzan B, Israel"
1195,Nizzana (Qehilat Hinuh),1019,30.885983,34.422569,"Nizzana (Qehilat Hinuh), Israel"
1280,Nizzane Sinay,1020,30.903428,34.396679,"Nizzane Sinay, Israel"
851,Nizzane Oz,1021,32.306084,35.003278,"Nizzane Oz, Israel"
359,Nizzanim,1022,31.717845,34.634636,"Nizzanim, Israel"
808,Nir Eliyyahu,1023,32.197593,34.949375,"Nir Eliyyahu, Israel"
553,Nir Banim,1024,31.671177,34.755012,"Nir Banim, Israel"
720,Nir Gallim,1025,31.82552,34.68254,"Nir Gallim, Israel"
256,Nir Dawid (Tel Amal),1026,32.504062,35.457622,"Nir Dawid (Tel Amal), Israel"
11,Nir Hen,1027,31.608906,34.714282,"Nir Hen, Israel"
165,Nir Yafe,1028,32.568982,35.244896,"Nir Yafe, Israel"
402,Nir Yizhaq,1029,31.23604,34.356702,"Nir Yizhaq, Israel"
699,Nir Yisra'el,1030,31.692156,34.638071,"Nir Yisra'el, Israel"
2047,Nir Moshe,1031,31.477456,34.630085,"Nir Moshe, Israel"
69,Nir Oz,1032,31.309697,34.402075,"Nir Oz, Israel"
348,Nir Am,1033,31.518459,34.580544,"Nir Am, Israel"
769,Nir Ezyon,1034,32.699125,34.992526,"Nir Ezyon, Israel"
2048,Nir Aqiva,1035,31.469933,34.646166,"Nir Aqiva, Israel"
331,Nir Zevi,1036,31.954403,34.861529,"Nir Zevi, Israel"
602,Nirim,1037,31.33573,34.394087,"Nirim, Israel"
1236,Nirit,1038,32.146206,34.984822,"Nirit, Israel"
4035,Nimrod,1040,33.244978,35.750842,"Nimrod, Israel"
825,Nes Harim,1041,31.744192,35.059406,"Nes Harim, Israel"
1143,Nes Ammim,1042,32.965465,35.121588,"Nes Ammim, Israel"
7200,Nes Ziyyona,1043,31.932111,34.801327,"Nes Ziyyona, Israel"
186,Ne'urim,1044,31.254518,35.216978,"Ne'urim, Israel"
3787,Na'ale,1045,31.962594,35.065976,"Na'ale, Israel"
3713,Na'ama,1046,31.7837638,35.2226459,"Na'ama, Israel"
158,Na'an,1047,31.883208,34.859237,"Na'an, Israel"
3620,Na'aran,1048,31.893473,35.42475,"Na'aran, Israel"
1041,An-Nasasira,1064,,,"An-Nasasira, Israel"
1372,Nezer Hazzani,1065,31.8214,34.862554,"Nezer Hazzani, Israel"
435,Nezer Sereni,1066,31.922789,34.821191,"Nezer Sereni, Israel"
7300,Nazareth,1067,32.699635,35.303546,"Nazareth, Israel"
1061,Nazerat Illit,1068,32.711539,35.324812,"Nazerat Illit, Israel"
2500,Nesher,1069,32.7649,35.049191,"Nesher, Israel"
3555,Netiv HaGedud,1070,31.989412,35.443281,"Netiv HaGedud, Israel"
693,Netiv HaLamed-He,1071,31.687184,34.982523,"Netiv HaLamed-He, Israel"
1242,Netiv HaAsara,1072,31.572407,34.539322,"Netiv HaAsara, Israel"
792,Netiv HaShayyara,1073,32.991185,35.130745,"Netiv HaShayyara, Israel"
246,Netivot,1074,31.423196,34.595254,"Netivot, Israel"
7400,Netanya,1075,32.321458,34.853196,"Netanya, Israel"
525,Sajur,1076,32.943109,35.343616,"Sajur, Israel"
578,Sasa,1077,33.02866,35.394569,"Sasa, Israel"
587,Savyon,1078,32.045589,34.876578,"Savyon, Israel"
2046,Segulla,1079,31.669546,34.778426,"Segulla, Israel"
942,Sawa'id(Hamriyye),1080,32.767353,35.168379,"Sawa'id(Hamriyye), Israel"
989,Sawa'id (Al-Kammana),1081,31.302178,34.942051,"Sawa'id (Al-Kammana), Israel"
526,Sulam,1082,32.605633,35.334306,"Sulam, Israel"
3756,Suseya,1083,31.391051,35.110978,"Suseya, Israel"
1238,Sufa,1084,31.238309,34.341987,"Sufa, Israel"
7500,Sakhnin,1085,32.864167,35.294547,"Sakhnin, Israel"
1170,Sayyid,1086,31.281719,34.916298,"Sayyid, Israel"
1245,Sallama,1087,32.893248,35.370499,"Sallama, Israel"
3567,Sal'it,1088,32.242589,35.051258,"Sal'it, Israel"
1156,Samar,1089,29.833968,35.022204,"Samar, Israel"
3777,Sansana,1090,31.361765,34.901003,"Sansana, Israel"
419,Sa'ad,1091,31.470185,34.534356,"Sa'ad, Israel"
1360,Sa'Wa,1092,31.261071,34.975564,"Sa'Wa, Israel"
454,Sa'ar,1093,33.028689,35.109232,"Sa'ar, Israel"
1176,Sappir,1094,30.613623,35.184144,"Sappir, Israel"
610,Sitriyya,1095,31.889854,34.842094,"Sitriyya, Israel"
4501,Ghajar,1096,33.272607,35.623637,"Ghajar, Israel"
892,Avdon,1097,33.048792,35.179128,"Avdon, Israel"
376,Evron,1098,32.991149,35.100031,"Evron, Israel"
794,Agur,1099,31.697475,34.912024,"Agur, Israel"
1199,Adi,1101,32.782353,35.173412,"Adi, Israel"
2035,Adanim,1102,32.138798,34.909148,"Adanim, Israel"
826,Uza,1103,31.593042,34.764524,"Uza, Israel"
528,Uzeir,1104,32.790614,35.326882,"Uzeir, Israel"
737,Olesh,1105,32.331969,34.985321,"Olesh, Israel"
666,Omer,1106,31.264305,34.849864,"Omer, Israel"
810,Ofer,1107,32.621882,34.983472,"Ofer, Israel"
32,Ozem,1108,31.637665,34.705108,"Ozem, Israel"
957,Al-'Ukbi,1109,31.283329,34.930761,"Al-'Ukbi, Israel"
328,Ezuz,1110,30.792202,34.472404,"Ezuz, Israel"
1149,Ezer,1111,31.736151,34.671447,"Ezer, Israel"
837,Azri'el,1112,32.262841,34.971133,"Azri'el, Israel"
711,Azarya,1113,31.890495,34.911872,"Azarya, Israel"
817,Azriqam,1114,31.751695,34.694818,"Azriqam, Israel"
969,Al-'Atawina,1115,31.301882,34.926949,"Al-'Atawina, Israel"
3658,Ateret,1116,32.001896,35.176949,"Ateret, Israel"
1175,Iddan,1117,30.806291,35.299946,"Iddan, Israel"
530,Eilabun,1119,32.837949,35.399996,"Eilabun, Israel"
156,Ayanot,1120,31.9158,34.768097,"Ayanot, Israel"
511,Ilut,1121,32.717249,35.261482,"Ilut, Israel"
687,En Ayyala,1122,32.629963,34.944296,"En Ayyala, Israel"
546,Ein Al-Asad,1123,32.940754,35.401027,"Ein Al-Asad, Israel"
273,En Gev,1124,32.783393,35.640119,"En Gev, Israel"
2042,En Gedi,1125,31.451191,35.383571,"En Gedi, Israel"
436,En Dor,1126,32.655468,35.416388,"En Dor, Israel"
1240,En HaBesor,1127,31.280895,34.443446,"En HaBesor, Israel"
74,En Hod,1128,32.700292,34.982716,"En Hod, Israel"
167,En HaHoresh,1129,32.385871,34.939994,"En HaHoresh, Israel"
289,En HaMifraz,1130,32.902581,35.09304,"En HaMifraz, Israel"
383,En HaNaziv,1131,32.47071,35.501973,"En HaNaziv, Israel"
367,En HaEmeq,1132,32.6778114,35.2417497,"En HaEmeq, Israel"
270,En HaShofet,1133,32.596811,35.100445,"En HaShofet, Israel"
676,En HaShelosha,1134,31.351722,34.403471,"En HaShelosha, Israel"
157,En Wered,1135,32.264467,34.930705,"En Wered, Israel"
4503,En Ziwan,1136,32.5958333,35.5377778,"En Ziwan, Israel"
1320,Ein Hod,1137,32.700292,34.982716,"Ein Hod, Israel"
1053,En Hazeva,1138,30.797209,35.24534,"En Hazeva, Israel"
89,En Harod (Ihud),1139,32.563099,35.391666,"En Harod (Ihud), Israel"
82,En Harod(Me'uhad),1140,32.556806,35.392995,"En Harod(Me'uhad), Israel"
806,En Yahav,1141,30.658757,35.239656,"En Yahav, Israel"
813,En Ya'aqov,1142,33.009312,35.229024,"En Ya'aqov, Israel"
1056,En Karem-B.S.Haqla'i,1143,31.778056,35.153611,"En Karem-B.S.Haqla'i, Israel"
426,En Karmel,1144,32.677912,34.953676,"En Karmel, Israel"
532,Ein Mahel,1145,32.724295,35.353369,"Ein Mahel, Israel"
521,Ein Naqquba,1146,31.79391,35.119683,"Ein Naqquba, Israel"
223,En Iron,1147,32.484427,35.010069,"En Iron, Israel"
622,En Zurim,1148,31.6937551,34.7176273,"En Zurim, Israel"
4502,Ein Qiniyye,1149,33.2366802,35.7313062,"Ein Qiniyye, Israel"
514,Ein Rafa,1150,31.790605,35.116514,"Ein Rafa, Israel"
139,En Shemer,1151,32.461917,35.00673,"En Shemer, Israel"
880,En Sarid,1152,32.274901,34.93418,"En Sarid, Israel"
1251,En Tamar,1153,30.943594,35.37407,"En Tamar, Israel"
871,Enat,1154,32.081948,34.937514,"Enat, Israel"
1187,Ir Ovot,1155,30.808967,35.244389,"Ir Ovot, Israel"
7600,Akko,1156,32.933052,35.082678,"Akko, Israel"
1146,Alumim,1157,31.453049,34.514711,"Alumim, Israel"
3765,Eli,1158,32.071177,35.266859,"Eli, Israel"
3727,Ale Zahav,1159,32.072227,35.064135,"Ale Zahav, Israel"
688,Alma,1160,33.05186,35.499636,"Alma, Israel"
3715,Almon,1161,31.832068,35.296764,"Almon, Israel"
1212,Amuqqa,1162,32.997669,35.524801,"Amuqqa, Israel"
3824,Ammihay,1163,32.061461,35.303407,"Ammihay, Israel"
779,Amminadav,1164,31.751705,35.142428,"Amminadav, Israel"
385,Ammi'ad,1165,32.930354,35.540521,"Ammi'ad, Israel"
318,Ammi'oz,1166,31.248463,34.413404,"Ammi'oz, Israel"
773,Ammiqam,1167,32.564626,35.020326,"Ammiqam, Israel"
319,Amir,1168,33.1777261,35.6198305,"Amir, Israel"
3660,Immanu'el,1169,32.160688,35.136036,"Immanu'el, Israel"
708,Amqa,1181,32.977664,35.161807,"Amqa, Israel"
3712,Enav,1182,32.283594,35.125198,"Enav, Israel"
534,Isifya,1183,32.720737,35.059087,"Isifya, Israel"
7700,Afula,1184,32.6104931,35.287922,"Afula, Israel"
3617,Ofra,1185,31.955101,35.260324,"Ofra, Israel"
3778,Ez Efrayim,1186,32.119403,35.046367,"Ez Efrayim, Israel"
917,Atsmon Segev,1187,32.865802,35.252335,"Atsmon Segev, Israel"
531,Arrabe,1188,32.853705,35.337167,"Arrabe, Israel"
1246,Aramsha,1189,33.088834,35.228839,"Aramsha, Israel"
1335,Arab Al Naim,1190,32.888073,35.290128,"Arab Al Naim, Israel"
2560,Arad,1191,31.261447,35.214862,"Arad, Israel"
593,Arugot,1192,31.732798,34.77624,"Arugot, Israel"
637,Ar'ara,1193,32.496323,35.097292,"Ar'ara, Israel"
1192,Ar'ara-BaNegev,1194,31.160927,35.019757,"Ar'ara-BaNegev, Israel"
591,Aseret,1195,31.824913,34.747459,"Aseret, Israel"
53,Atlit,1196,32.690875,34.942914,"Atlit, Israel"
3748,Otni'el,1197,31.438812,35.028163,"Otni'el, Israel"
1151,Paran,1198,30.362646,35.155149,"Paran, Israel"
3768,Pedu'el,1201,32.062479,35.052619,"Pedu'el, Israel"
750,Peduyim,1202,31.326275,34.612069,"Peduyim, Israel"
838,Pedaya,1203,31.857768,34.883774,"Pedaya, Israel"
537,Fureidis,1204,32.597351,34.951899,"Fureidis, Israel"
1104,Poriyya-Kefar Avoda,1205,32.719846,35.545563,"Poriyya-Kefar Avoda, Israel"
1105,Poriyya-Newe Oved,1206,32.743763,35.53811,"Poriyya-Newe Oved, Israel"
1313,Poriyya Illit,1207,32.732736,35.546162,"Poriyya Illit, Israel"
767,Porat,1208,32.277081,34.948816,"Porat, Israel"
749,Pattish,1209,31.327829,34.559981,"Pattish, Israel"
1185,Pelekh,1210,32.93367,35.23361,"Pelekh, Israel"
597,Palmahim,1211,31.932705,34.706874,"Palmahim, Israel"
3723,Pene Hever,1212,31.487074,35.1651,"Pene Hever, Israel"
3659,Pesagot,1213,31.899984,35.223923,"Pesagot, Israel"
535,Fassuta,1214,33.04782,35.308827,"Fassuta, Israel"
2059,Pa'ame Tashaz,1215,31.437967,34.692875,"Pa'ame Tashaz, Israel"
3615,Peza'el,1216,32.043492,35.443753,"Peza'el, Israel"
536,Peqi'in (Buqei'a),1217,32.976209,35.335794,"Peqi'in (Buqei'a), Israel"
281,Peqi'in Hadasha,1218,32.982195,35.323408,"Peqi'in Hadasha, Israel"
7800,Pardes Hanna-Karkur,1219,32.4728028,34.9742001,"Pardes Hanna-Karkur, Israel"
171,Pardesiyya,1220,32.305011,34.911731,"Pardesiyya, Israel"
599,Parod,1221,32.933066,35.434318,"Parod, Israel"
2053,Perazon,1222,32.545456,35.311114,"Perazon, Israel"
1231,Peri Gan,1223,31.222015,34.355936,"Peri Gan, Israel"
7900,Petah Tiqwa,1224,32.084041,34.887762,"Petah Tiqwa, Israel"
839,Petahya,1225,31.866957,34.88687,"Petahya, Israel"
413,Ze'elim,1226,31.203909,34.533359,"Ze'elim, Israel"
1180,Zviyya,1227,32.8894,35.3314,"Zviyya, Israel"
1213,Ziv'on,1228,33.026363,35.416723,"Ziv'on, Israel"
465,Zova,1229,31.784352,35.117952,"Zova, Israel"
1136,Zohar,1230,31.595592,34.692362,"Zohar, Israel"
1111,Zofiyya,1231,,,"Zofiyya, Israel"
3791,Zufim,1232,32.197318,35.008912,"Zufim, Israel"
198,Zofit,1233,32.19488,34.920085,"Zofit, Israel"
1150,Zofar,1234,30.559394,35.181474,"Zofar, Israel"
1102,Zuqi Yam,1235,32.360122,34.858542,"Zuqi Yam, Israel"
1262,Zuqim,1236,30.491551,35.165443,"Zuqim, Israel"
1113,Zur Hadassa,1237,31.719374,35.096958,"Zur Hadassa, Israel"
1345,Zur Yizhaq,1238,32.241478,34.997998,"Zur Yizhaq, Israel"
276,Zur Moshe,1239,32.298911,34.913117,"Zur Moshe, Israel"
1148,Zur Natan,1240,32.239673,35.01402,"Zur Natan, Israel"
774,Zuri'el,1241,33.006488,35.31479,"Zuri'el, Israel"
1221,Zurit,1242,33.098985,35.288522,"Zurit, Israel"
613,Zippori,1243,32.7508232,35.2845292,"Zippori, Israel"
796,Zelafon,1244,31.805599,34.931797,"Zelafon, Israel"
636,Sandala,1245,32.522449,35.32442,"Sandala, Israel"
594,Zafriyya,1246,32.004315,34.854664,"Zafriyya, Israel"
1079,Zafririm,1247,31.659618,34.944326,"Zafririm, Israel"
8000,Zefat,1248,32.964648,35.495997,"Zefat, Israel"
612,Zerufa,1249,32.647822,34.946455,"Zerufa, Israel"
567,Zor'a,1250,31.762653,34.966931,"Zor'a, Israel"
1234,Kabbu'a,1251,,,"Kabbu'a, Israel"
334,Qevuzat Yavne,1252,31.813987,34.719103,"Qevuzat Yavne, Israel"
3557,Qedumim,1253,32.21239,35.157388,"Qedumim, Israel"
195,Qadima- Zoran,1254,32.277644,34.919297,"Qadima- Zoran, Israel"
392,Qedma,1255,31.7004225,34.7748136,"Qedma, Israel"
4025,Qidmat Zevi,1256,33.029485,35.697744,"Qidmat Zevi, Israel"
3781,Qedar,1257,31.754384,35.310732,"Qedar, Israel"
615,Qidron,1258,31.814142,34.795548,"Qidron, Israel"
1211,Qaddarim,1259,32.898886,35.471565,"Qaddarim, Israel"
964,Kudayrat as-Sani',1260,,,"Kudayrat as-Sani', Israel"
972,Kawa'in,1261,,,"Kawa'in, Israel"
766,Qomemiyyut,1262,31.662583,34.7293,"Qomemiyyut, Israel"
1179,Qoranit,1263,32.131924,34.99081,"Qoranit, Israel"
1052,Qetura,1264,29.970887,35.061355,"Qetura, Israel"
1167,Qesaryya,1265,32.519016,34.904544,"Qesaryya, Israel"
414,Qelahim,1266,31.449795,34.679092,"Qelahim, Israel"
3601,Qalya,1267,31.749896,35.466131,"Qalya, Israel"
638,Qalansawe,1268,32.285791,34.981487,"Qalansawe, Israel"
4024,Qela,1269,33.131601,35.69039,"Qela, Israel"
1243,Qazir,1270,32.485178,35.10873,"Qazir, Israel"
1347,Qasr A-Sir,1271,31.083329,34.979579,"Qasr A-Sir, Israel"
4100,Qazrin,1272,32.990998,35.689865,"Qazrin, Israel"
2620,Qiryat Ono,1273,32.054863,34.858858,"Qiryat Ono, Israel"
3611,Qiryat Arba,1274,31.529326,35.115625,"Qiryat Arba, Israel"
6800,Qiryat Atta,1275,32.809144,35.119773,"Qiryat Atta, Israel"
9500,Qiryat Bialik,1276,32.832154,35.088407,"Qiryat Bialik, Israel"
2630,Qiryat Gat,1277,31.611148,34.768459,"Qiryat Gat, Israel"
2300,Qiryat Tiv'on,1279,32.716221,35.127483,"Qiryat Tiv'on, Israel"
9600,Qiryat Yam,1280,32.849276,35.068929,"Qiryat Yam, Israel"
1137,Qiryat Ye'arim,1281,31.802774,35.099945,"Qiryat Ye'arim, Israel"
2039,Qiryat Ye'arim(Institute),1282,31.802774,35.099945,"Qiryat Ye'arim(Institute), Israel"
8200,Qiryat Motzkin,1283,32.838202,35.079523,"Qiryat Motzkin, Israel"
1034,Qiryat Mal'akhi,1284,31.730202,34.746996,"Qiryat Mal'akhi, Israel"
3746,Qiryat Netafim,1285,32.117299,35.112115,"Qiryat Netafim, Israel"
78,Qiryat Anavim,1286,31.809913,35.120842,"Qiryat Anavim, Israel"
469,Qiryat Eqron,1287,31.862547,34.8219576,"Qiryat Eqron, Israel"
412,Qiryat Shelomo,1288,31.611148,34.768459,"Qiryat Shelomo, Israel"
2800,Qiryat Shemona,1289,33.207933,35.570246,"Qiryat Shemona, Israel"
3640,Qarne Shomeron,1292,32.171496,35.097537,"Qarne Shomeron, Israel"
4006,Qeshet,1293,32.980388,35.808484,"Qeshet, Israel"
543,Rame,1294,32.937112,35.366984,"Rame, Israel"
1334,Ras Al-Ein,1295,32.915734,35.372703,"Ras Al-Ein, Israel"
990,Ras Ali,1296,32.772911,35.155512,"Ras Ali, Israel"
2640,Rosh HaAyin,1297,32.095838,34.952177,"Rosh HaAyin, Israel"
26,Rosh Pinna,1298,32.970422,35.542659,"Rosh Pinna, Israel"
3602,Rosh Zurim,1299,31.667791,35.125288,"Rosh Zurim, Israel"
8300,Rishon LeZiyyon,1300,31.9730015,34.7925013,"Rishon LeZiyyon, Israel"
3795,Revava,1301,32.11871,35.129583,"Revava, Israel"
564,Revadim,1302,31.773966,34.814807,"Revadim, Israel"
354,Revivim,1303,31.045195,34.721086,"Revivim, Israel"
1225,Ravid,1304,32.850619,35.464074,"Ravid, Israel"
390,Regba,1305,32.977493,35.099129,"Regba, Israel"
444,Regavim,1306,32.52344,35.033987,"Regavim, Israel"
1161,Rahat,1307,31.394548,34.753934,"Rahat, Israel"
2051,Rewaha,1308,31.648695,34.733681,"Rewaha, Israel"
2016,Rewaya,1309,32.4661111,35.4583333,"Rewaya, Israel"
1341,Ruah Midbar,1310,30.981535,34.733883,"Ruah Midbar, Israel"
362,Ruhama,1311,31.497378,34.705165,"Ruhama, Israel"
539,Rummane,1312,32.788118,35.311211,"Rummane, Israel"
997,Rumat Heib,1313,32.777591,35.305683,"Rumat Heib, Israel"
3619,Ro'i,1314,32.870688,35.419893,"Ro'i, Israel"
3782,Rotem,1315,32.3366,35.518576,"Rotem, Israel"
854,Rehov,1316,32.451099,35.489598,"Rehov, Israel"
8400,Rehovot,1317,31.892773,34.811272,"Rehovot, Israel"
3822,Rehelim,1318,32.10246,35.257756,"Rehelim, Israel"
540,Reihaniyye,1319,33.049922,35.487062,"Reihaniyye, Israel"
3568,Rehan,1320,32.468752,35.135271,"Rehan, Israel"
542,Reine,1321,32.719924,35.317654,"Reine, Israel"
3565,Rimmonim,1322,31.935382,35.340494,"Rimmonim, Israel"
616,Rinnatya,1323,32.044365,34.928477,"Rinnatya, Israel"
922,Rekhasim,1324,32.749265,35.099581,"Rekhasim, Israel"
1069,Ram-On,1325,32.528742,35.258657,"Ram-On, Israel"
4702,Ramot,1326,31.813708,35.200684,"Ramot, Israel"
206,Ramot HaShavim,1327,32.16509,34.881543,"Ramot HaShavim, Israel"
735,Ramot Me'ir,1328,31.874444,34.855208,"Ramot Me'ir, Israel"
445,Ramot Menashe,1329,32.597042,35.057177,"Ramot Menashe, Israel"
372,Ramot Naftali,1330,33.102354,35.553313,"Ramot Naftali, Israel"
8500,Ramla,1331,31.931566,34.872938,"Ramla, Israel"
8600,Ramat Gan,1332,32.068424,34.824785,"Ramat Gan, Israel"
135,Ramat Dawid,1333,32.678991,35.204036,"Ramat Dawid, Israel"
184,Ramat HaKovesh,1334,32.218313,34.93829,"Ramat HaKovesh, Israel"
335,Ramat HaShofet,1335,32.609356,35.094079,"Ramat HaShofet, Israel"
2650,Ramat HaSharon,1336,32.137793,34.840278,"Ramat HaSharon, Israel"
178,Ramat Yohanan,1337,32.793457,35.122208,"Ramat Yohanan, Israel"
122,Ramat Yishay,1338,32.704029,35.166003,"Ramat Yishay, Israel"
4701,Ramat Magshimim,1343,32.844066,35.80658,"Ramat Magshimim, Israel"
339,Ramat Zevi,1346,32.591962,35.414497,"Ramat Zevi, Israel"
460,Ramat Razi'el,1347,31.773573,35.074447,"Ramat Razi'el, Israel"
127,Ramat Rahel,1348,31.7403163,35.2178825,"Ramat Rahel, Israel"
789,Rannen,1349,31.33871,34.600358,"Rannen, Israel"
713,Re'im,1350,31.386159,34.458823,"Re'im, Israel"
8700,Ra'annana,1351,32.184781,34.871326,"Ra'annana, Israel"
1228,Raqqefet,1352,32.855569,35.264237,"Raqqefet, Israel"
247,Rishpon,1353,32.201856,34.824723,"Rishpon, Israel"
437,Reshafim,1354,32.481235,35.47879,"Reshafim, Israel"
1260,Retamim,1355,31.05401,34.690902,"Retamim, Israel"
324,She'ar Yashuv,1356,33.2263493,35.6468357,"She'ar Yashuv, Israel"
1377,Shave Darom,1357,31.466377,34.638576,"Shave Darom, Israel"
282,Shave Ziyyon,1358,31.807616,34.648119,"Shave Ziyyon, Israel"
3571,Shave Shomeron,1359,32.26372,35.183444,"Shave Shomeron, Israel"
913,Shibli-Umm Al-Ghanam,1360,32.684167,35.396944,"Shibli-Umm Al-Ghanam, Israel"
1286,Segev-Shalom,1361,31.198361,34.839665,"Segev-Shalom, Israel"
721,Sede Ilan,1362,32.75051,35.422429,"Sede Ilan, Israel"
304,Sede Eliyyahu,1363,32.441882,35.513803,"Sede Eliyyahu, Israel"
861,Sede Eli'ezer,1364,33.04647,35.56525,"Sede Eli'ezer, Israel"
885,Sede Boqer,1365,30.873611,34.793098,"Sede Boqer, Israel"
36,Sede Dawid,1366,31.577476,34.683443,"Sede Dawid, Israel"
284,Sede Warburg,1367,32.208691,34.90325,"Sede Warburg, Israel"
293,Sede Yo'av,1368,31.645723,34.676849,"Sede Yo'av, Israel"
142,Sede Ya'aqov,1369,32.69756,35.141315,"Sede Ya'aqov, Israel"
2008,Sede Yizhaq,1370,32.404959,34.992168,"Sede Yizhaq, Israel"
18,Sede Moshe,1371,31.610982,34.800427,"Sede Moshe, Israel"
259,Sede Nahum,1372,32.525068,35.480855,"Sede Nahum, Israel"
329,Sede Nehemya,1373,33.188234,35.62307,"Sede Nehemya, Israel"
1058,Sede Nizzan,1374,31.230035,34.418363,"Sede Nizzan, Israel"
739,Sede Uzziyyahu,1375,31.758437,34.678194,"Sede Uzziyyahu, Israel"
2049,Sede Zevi,1376,31.448831,34.712549,"Sede Zevi, Israel"
327,Sedot Yam,1377,32.492613,34.89315,"Sedot Yam, Israel"
27,Sedot Mikha,1378,31.721354,34.920683,"Sedot Mikha, Israel"
1223,Sede Avraham,1379,31.211594,34.335692,"Sede Avraham, Israel"
2015,Sede Hemed,1380,32.158488,34.9428062,"Sede Hemed, Israel"
2057,Sede Terumot,1381,32.440898,35.484204,"Sede Terumot, Israel"
555,Shedema,1382,31.833778,34.74009,"Shedema, Israel"
306,Shadmot Devora,1383,32.696245,35.43641,"Shadmot Devora, Israel"
3578,Shadmot Mehola,1384,32.347731,35.530587,"Shadmot Mehola, Israel"
1031,Sederot,1385,31.522694,34.595581,"Sederot, Israel"
741,Sho'eva,1386,31.799369,35.079003,"Sho'eva, Israel"
761,Shuva,1387,31.45148,34.545306,"Shuva, Israel"
394,Shoval,1388,31.413734,34.745814,"Shoval, Israel"
1304,Shoham,1389,31.9957581,34.9488403,"Shoham, Israel"
614,Shomera,1390,33.08247,35.281962,"Shomera, Israel"
1265,Shomeriyya,1391,31.432154,34.884095,"Shomeriyya, Israel"
415,Shoqeda,1392,31.422098,34.524383,"Shoqeda, Israel"
456,Shoresh,1393,31.797488,35.065297,"Shoresh, Israel"
1235,Shorashim,1394,32.89296,35.258426,"Shorashim, Israel"
224,Shoshannat HaAmaqim,1395,32.354794,34.856814,"Shoshannat HaAmaqim, Israel"
527,Shezor,1396,32.933936,35.354523,"Shezor, Israel"
7,Shahar,1397,31.618235,34.723746,"Shahar, Israel"
1266,Shaharut,1398,29.904093,34.999173,"Shaharut, Israel"
865,Shibbolim,1399,31.396398,34.608144,"Shibbolim, Israel"
1267,Shittim,1400,30.176442,35.016722,"Shittim, Israel"
658,Sheikh Dannun,1401,32.9938295,35.1485684,"Sheikh Dannun, Israel"
3641,Shilo,1402,32.054405,35.29909,"Shilo, Israel"
1165,Shilat,1403,31.921173,35.014572,"Shilat, Israel"
1160,Shekhanya,1404,32.849186,35.246701,"Shekhanya, Israel"
873,Shalwa,1405,31.563697,34.766832,"Shalwa, Israel"
1373,Shalva Bamidbar,1406,30.619216,34.7984088,"Shalva Bamidbar, Israel"
439,Sheluhot,1407,29.9333333,35.0166667,"Sheluhot, Israel"
812,Shelomi,1408,33.072609,35.145945,"Shelomi, Israel"
1364,Shlomit,1409,31.2064862,34.284526,"Shlomit, Israel"
366,Shamir,1411,33.166754,35.659949,"Shamir, Israel"
3784,Shim'a,1412,31.387342,35.012699,"Shim'a, Israel"
432,Shamerat,1413,32.95148,35.094955,"Shamerat, Israel"
1337,Shimshit,1414,32.732527,35.246518,"Shimshit, Israel"
1287,Shani,1415,31.7810819,35.2179894,"Shani, Israel"
1132,Senir,1416,33.240338,35.677015,"Senir, Israel"
538,Sha'ab,1417,32.88967,35.238764,"Sha'ab, Israel"
4009,Sha'al,1418,33.11653,35.718816,"Sha'al, Israel"
856,Sha'alvim,1419,31.870235,34.984304,"Sha'alvim, Israel"
661,Sha'ar Efrayim,1420,32.290662,34.999448,"Sha'ar Efrayim, Israel"
264,Sha'ar HaGolan,1421,32.686919,35.604656,"Sha'ar HaGolan, Israel"
237,Sha'ar HaAmaqim,1422,32.722621,35.110601,"Sha'ar HaAmaqim, Israel"
921,Sha'ar Menashe,1423,32.509997,35.0052,"Sha'ar Menashe, Israel"
3720,Sha'are Tiqwa,1424,32.120679,35.026998,"Sha'are Tiqwa, Israel"
232,Shefayim,1425,32.216586,34.822409,"Shefayim, Israel"
692,Shafir,1426,31.697557,34.728181,"Shafir, Israel"
846,Shefer,1429,32.944553,35.437848,"Shefer, Israel"
8800,Shefar'am,1430,32.805765,35.169971,"Shefar'am, Israel"
3649,Shaqed,1431,32.473745,35.168448,"Shaqed, Israel"
1233,Sheqef,1432,31.51489,34.937318,"Sheqef, Israel"
292,Sharona,1433,32.726482,35.467726,"Sharona, Israel"
1114,Sarigim (Li-On),1434,31.678567,34.93509,"Sarigim (Li-On), Israel"
126,Sarid,1435,32.663059,35.224755,"Sarid, Israel"
398,Sharsheret,1436,31.404819,34.604397,"Sharsheret, Israel"
1045,Shetula,1437,33.085919,35.315627,"Shetula, Israel"
763,Shetulim,1438,31.773687,34.684409,"Shetulim, Israel"
2062,Te'ashur,1439,31.371709,34.643547,"Te'ashur, Israel"
2061,Tidhar,1440,31.378858,34.630364,"Tidhar, Israel"
1172,Tuval,1441,32.928495,35.245675,"Tuval, Israel"
3558,Tomer,1442,32.019668,35.43976,"Tomer, Israel"
1083,Tushiyya,1443,31.432895,34.541314,"Tushiyya, Israel"
163,Timmorim,1444,31.716336,34.761356,"Timmorim, Israel"
10,Tirosh,1445,31.750347,34.885915,"Tirosh, Israel"
5000,Tel Aviv - Yafo,1446,32.0852999,34.7817676,"Tel Aviv - Yafo, Israel"
84,Tel Yosef,1448,32.556704,35.398914,"Tel Yosef, Israel"
287,Tel Yizhaq,1449,32.252745,34.872378,"Tel Yizhaq, Israel"
154,Tel Mond,1450,32.256608,34.91846,"Tel Mond, Israel"
103,Tel Adashim,1451,32.657358,35.302478,"Tel Adashim, Israel"
719,Tel Qazir,1452,32.706396,35.61786,"Tel Qazir, Israel"
1054,Tel Sheva,1453,31.247569,34.861193,"Tel Sheva, Israel"
1283,Tel Te'omim,1454,32.442537,35.496409,"Tel Te'omim, Israel"
3719,Telem,1455,31.563051,35.03124,"Telem, Israel"
1051,Talme Eliyyahu,1456,31.229611,34.429114,"Talme Eliyyahu, Israel"
2003,Talme El'azar,1457,32.447228,34.974991,"Talme El'azar, Israel"
2050,Talme Bilu,1458,31.438055,34.644823,"Talme Bilu, Israel"
1237,Talme Yosef,1459,31.199958,34.363751,"Talme Yosef, Israel"
727,Talme Yehi'el,1460,31.753621,34.764308,"Talme Yehi'el, Israel"
744,Talme Yafe,1461,31.616857,34.612482,"Talme Yafe, Israel"
814,Telamim,1462,31.563416,34.671998,"Telamim, Israel"
1244,Timrat,1463,32.703801,35.225489,"Timrat, Israel"
2002,Tenuvot,1464,32.305863,34.962586,"Tenuvot, Israel"
752,Ta'oz,1465,31.801288,34.971972,"Ta'oz, Israel"
709,Tifrah,1476,31.324471,34.679236,"Tifrah, Israel"
665,Tequma,1477,31.448536,34.578085,"Tequma, Israel"
3563,Teqoa,1478,31.652785,35.227517,"Teqoa, Israel"
970,Tarabin as-Sani',1479,31.345481,34.739126,"Tarabin as-Sani', Israel"
1346,Tarabin As-Sani,1480,31.345481,34.739126,"Tarabin As-Sani, Israel"
778,Tarum,1481,31.783306,34.980238,"Tarum, Israel"
